ID,a_games,a_goals,a_mins,b_games,b_goals,b_mins,c_goals,last_season,player,position,team
AteRY5vGbYa6CSneH,23.5,0.9,2074.5,2.099999999999999,3.9,23.5,31.5,4,Ben Chilwell,DEF,Leicester
2evqBw7JWJH84JjCq,6.8999999999999995,0.9,553.5,30.099999999999998,0.9,6.8999999999999995,57.631578947368425,4,Simon Mignolet,GKP,Liverpool
8vYsDuAQAtXRgPEMD,24.699999999999996,4.5,1621.1999999999998,12.299999999999999,9.1,24.699999999999996,44.199999999999996,4,Kevin De Bruyne,MID,Man City
7gFf4rpNb7opnfu8f,26.799999999999997,4.199999999999999,855.6,10.2,3.6,26.799999999999997,26.952631578947365,4,Olivier Giroud,FWD,Chelsea
3YP26FnfeWHEnEoPX,4.8,0.9,302.40000000000003,32.2,0.9,4.8,9.655263157894737,4,Jack Simpson,DEF,Bournemouth
4anTSbr3Akh2N8w7m,33.99999999999999,6.0,2964.2999999999997,3.0000000000000004,6.299999999999999,33.99999999999999,32.668421052631565,4,Abdoulaye Doucouré,MID,Watford
8YWB3zMJiaYCBCRNo,28.8,3.0,2329.5,8.2,3.9,28.8,69.26052631578949,4,Fernando Luiz Rosa,MID,Man City
6twCAT4E2wngNB3AX,31.799999999999997,4.199999999999999,1732.1999999999998,5.200000000000001,2.4,31.799999999999997,35.392105263157895,4,Demarai Gray,MID,Leicester
7JzLaAgWsaDwLcpvo,24.3,2.7,2077.2000000000003,12.7,0.9,24.3,40.98947368421053,4,Chris Smalling,DEF,Man United
BpQBqdSToyXCQs3j6,24.599999999999998,2.7,1663.2,12.400000000000002,2.4,24.599999999999998,28.90263157894736,4,Dan Gosling,MID,Bournemouth
77fZBixoib7ZYrbKy,33.1,10.499999999999998,2643.3,3.900000000000001,3.9,33.1,31.97894736842105,4,Joshua King,FWD,Bournemouth
7w59kZKpEFYWqNwwe,22.5,4.2,1325.7,14.5,6.8999999999999995,22.5,23.842105263157897,4,Alexis Sánchez,MID,Man United
7xfrqJqZqpANHR3PL,21.4,1.4999999999999998,1204.1,15.6,1.4999999999999998,21.4,22.042105263157897,4,Tom Davies,MID,Everton
9yseqZdcSmzj3ZKq9,30.999999999999996,2.0999999999999996,2631.2999999999997,6.000000000000001,1.8,30.999999999999996,45.23421052631579,4,Steve Cook,DEF,Bournemouth
64u7XgbX6axYZDPHM,29.199999999999996,1.2,1943.3999999999999,7.8,4.0,29.199999999999996,49.33684210526315,4,Moussa Sissoko,MID,Tottenham
4dkg7r7NXmApGofCo,24.699999999999996,2.0999999999999996,2007.0,12.299999999999999,1.4999999999999998,24.699999999999996,29.19473684210526,4,Jonny Evans,DEF,Leicester
AfZt4fESKshzhLZXK,30.299999999999997,2.7,1973.0999999999997,6.700000000000001,2.7,30.299999999999997,25.89473684210526,4,Jeff Hendrick,MID,Burnley
7CSfZJNYg6tJXwJ5w,28.199999999999996,5.1,2133.9,8.8,3.9,28.199999999999996,29.802631578947373,4,Mark Noble,MID,West Ham
Bh7Pmt2ZBq9DmpmH2,24.699999999999996,2.0999999999999996,2107.5,0.9,0.9,24.699999999999996,29.7,4,Onyinye Wilfred Ndidi,MID,Leicester
4FW6J69q72tHNSLK3,34.599999999999994,4.199999999999999,2692.2,2.3999999999999995,5.699999999999999,34.599999999999994,33.063157894736854,4,James McArthur,MID,Crystal Palace
4dmR9fa9NrF7DZrK6,23.400000000000002,5.1,1728.0,13.599999999999998,5.4,23.400000000000002,30.22894736842106,4,Mesut Özil,MID,Arsenal
6XEYZcmzy6izfraGr,32.5,19.499999999999996,2567.7000000000003,4.500000000000002,14.999999999999998,32.5,47.047368421052624,4,Raheem Sterling,MID,Man City
8aNTjmC6fuoRBfici,23.2,2.0999999999999996,1724.6999999999998,13.799999999999999,0.9,23.2,23.03684210526316,4,Jack Stephens,DEF,Southampton
2BEqaeKuggFyBD2Ab,10.499999999999998,0.9,769.8,26.499999999999996,1.2,10.499999999999998,23.96842105263158,4,Rob Holding,DEF,Arsenal
4CpoLXXynZeBkwcML,30.099999999999998,4.3,2025.6,6.8999999999999995,7.8,30.099999999999998,19.74736842105263,4,Johann Berg Gudmundsson,MID,Burnley
6xP93deqcTwpbqH6T,32.5,5.699999999999999,1731.2,4.5,6.3,32.5,24.710526315789476,4,Dominic Calvert-Lewin,FWD,Everton
CGTXpjBesPmtjJ6Je,35.5,11.1,3106.2,1.4999999999999996,2.7,35.5,32.005263157894724,4,Luka Milivojevic,MID,Crystal Palace
2AXGdmr8xj27jh8kL,8.1,0.9,688.5,28.900000000000002,0.9,8.1,57.0,4,Artur Boruc,GKP,Bournemouth
3a2jw8KorkQMNAR9d,36.4,0.9,3208.5,0.5999999999999995,0.9,36.4,85.74473684210527,4,Lukasz Fabianski,GKP,West Ham
4QiXPZGX8vaoy9aKP,22.2,2.0999999999999996,424.8,14.799999999999999,0.9,22.2,16.871052631578948,4,Lys Mousset,FWD,Sheffield United
5u5wWRQsgBQXczSr4,9.0,0.9,569.7,28.0,0.9,9.0,12.323684210526315,4,Daniel Amartey,MID,Leicester
7rwTBLaAKHCGKPXtc,21.899999999999995,2.0999999999999996,1670.1,15.099999999999998,0.9,21.899999999999995,55.54736842105263,4,Nicolás Otamendi,DEF,Man City
CLN5krmiDDhH3BzJm,6.699999999999999,0.9,411.3,30.299999999999997,3.3,6.699999999999999,15.710526315789473,4,Kyle Walker-Peters,DEF,Tottenham
9isEsYi5vucQedsZ6,12.299999999999999,0.9,386.69999999999993,24.699999999999996,1.4999999999999998,12.299999999999999,19.27894736842105,4,Adam Lallana,MID,Liverpool
BPNDggz3MhhWEj9aJ,31.899999999999995,3.3,2714.0999999999995,5.100000000000001,2.7,31.899999999999995,43.0,4,Harry Maguire,DEF,Man United
Bqadvj8MS6gcW6iLK,6.599999999999999,0.9,357.59999999999997,30.4,0.9,6.599999999999999,14.486842105263158,4,Marcos Rojo,DEF,Man United
CJzLGGrjE2Whg7Xmc,26.499999999999996,0.9,2236.2,10.500000000000002,0.9,26.499999999999996,48.83684210526316,4,Toby Alderweireld,DEF,Tottenham
9tJ98iKeHZpcKBQ7G,15.900000000000002,0.9,446.40000000000003,21.099999999999998,3.0,15.900000000000002,12.25263157894737,4,Ademola Lookman,MID,Everton
ALhFfHyavjdFRxbrw,32.8,3.0,2478.6,4.199999999999999,2.0999999999999996,32.8,67.4421052631579,4,Georginio Wijnaldum,MID,Liverpool
CauAFt4Zor2SPLsK5,24.0,1.8,1890.6,13.0,1.8,24.0,31.33421052631578,4,Charlie Daniels,DEF,Bournemouth
Cjtev3Ju9FG9244E3,29.8,5.699999999999999,1780.1,7.200000000000002,3.3,29.8,59.507894736842104,4,Ilkay Gündogan,MID,Man City
DNvGYuNmLxEe3grEA,29.4,4.199999999999999,2552.4,7.6000000000000005,6.3,29.4,44.27368421052631,4,Marcos Alonso,DEF,Chelsea
NJoQbsgfSsxKdXPEH,19.199999999999996,1.4999999999999998,1458.6,17.799999999999997,2.4,19.199999999999996,19.08157894736842,4,Andrew Surman,MID,Bournemouth
PTDGvsdnbvsCbeDCz,27.0,0.9,2362.5,9.999999999999998,0.9,27.0,78.05526315789473,4,Asmir Begovic,GKP,Bournemouth
R7xkDBMXbcypZFQQK,28.0,5.699999999999999,1661.7999999999997,8.999999999999998,4.5,28.0,38.91842105263158,4,Jesse Lingard,MID,Man United
WBEvfjjsSNjN6vnhS,23.099999999999998,2.7,1789.4999999999998,13.900000000000002,1.4999999999999998,23.099999999999998,35.28947368421053,4,Eric Dier,MID,Tottenham
ZtJL3hmWcpJkHw3NQ,20.5,0.9,1445.6999999999998,16.499999999999996,3.9,20.5,33.426315789473676,4,Danny Rose,DEF,Tottenham
dyTWDCfMERK5EnYxG,22.799999999999997,1.4999999999999998,1874.7,14.199999999999998,5.1,22.799999999999997,39.3078947368421,4,Héctor Bellerín,DEF,Arsenal
efP3nyTcDwmA89ZNK,21.899999999999995,2.0999999999999996,1110.3,15.099999999999998,3.3,21.899999999999995,17.668421052631572,4,Jordon Ibe,MID,Bournemouth
gXX3PG8N9EiykdFsW,30.099999999999998,2.0999999999999996,2358.6,6.900000000000001,0.9,30.099999999999998,37.136842105263156,4,Declan Rice,MID,West Ham
gJMBzX34eb8ENWkjz,28.8,1.8,2437.7999999999997,8.200000000000003,1.2,28.8,51.62368421052631,4,Nemanja Matic,MID,Man United
nev7R7c3wPmskmBdE,18.599999999999998,1.8,1497.8999999999999,18.399999999999995,2.4,18.599999999999998,25.326315789473682,4,Daryl Janmaat,DEF,Watford
oZTmYjZfa4Kv4u9pb,27.399999999999995,3.3,2213.2999999999997,9.600000000000001,2.7,27.399999999999995,27.236842105263154,4,Pierre-Emile Højbjerg,MID,Southampton
ox9B9Fuv6hsxupEcD,26.799999999999997,6.0,1806.8999999999999,10.200000000000003,2.4,26.799999999999997,21.11052631578947,4,James Ward-Prowse,MID,Southampton
pirbFX5hRY3Ff5gbv,5.5,0.9,84.1,31.5,1.4999999999999998,5.5,2.0999999999999996,4,Connor Wickham,FWD,Crystal Palace
sxinhMWwZogPmXY6P,33.699999999999996,3.6,2810.8999999999996,3.2999999999999994,3.9,33.699999999999996,47.178947368421056,4,N'Golo Kanté,MID,Chelsea
DzSw2swgp4pRcbdRJ,32.5,0.9,2884.5,4.499999999999998,0.9,32.5,104.49473684210527,4,Hugo Lloris,GKP,Tottenham
PbXGDrny57G7Ds2tQ,28.599999999999998,11.7,2240.6,8.399999999999999,9.7,28.599999999999998,22.60263157894736,4,Callum Wilson,FWD,Bournemouth
WATzB9YT2RYdMvbBk,32.8,9.9,2668.7999999999997,4.199999999999999,5.699999999999999,32.8,27.852631578947364,4,Gylfi Sigurdsson,MID,Everton
cEra7GFMLs53iJn9T,31.6,1.4999999999999998,2631.2999999999997,5.399999999999998,4.3,31.6,77.93421052631577,4,Kyle Walker,DEF,Man City
cbjcKNRepAZPXhtB8,35.5,5.1,2870.6999999999994,1.4999999999999996,6.599999999999999,35.5,31.705263157894745,4,Andros Townsend,MID,Crystal Palace
hXBxjATmtDHXiiSqk,12.6,1.8,567.3,24.400000000000002,3.0,12.6,21.205263157894734,4,Alex Oxlade-Chamberlain,MID,Liverpool
oWf5mwF3zKZkCwAGK,1.2,0.9,67.5,35.79999999999999,0.9,1.2,45.576315789473675,4,Sergio Romero,GKP,Man United
rfRgQzthBzuDxLRxs,25.499999999999996,3.0,2234.7000000000003,11.499999999999998,2.7,25.499999999999996,41.652631578947364,4,David Luiz Moreira Marinho,DEF,Arsenal
rpk43BdQKtXoPwS36,27.900000000000002,2.7,2314.5,9.099999999999998,4.5,27.900000000000002,46.38947368421052,4,Ashley Young,DEF,Man United
uAgdEqfbnRQGbQKvp,25.0,5.4,1619.3,12.000000000000002,6.0,25.0,29.72894736842105,4,Henrikh Mkhitaryan,MID,Arsenal
Cw892Xgwcn4PgSJrA,24.699999999999996,0.9,2182.5,0.9,0.9,24.699999999999996,87.99999999999999,4,David de Gea,GKP,Man United
NGDkQk8kTRjYYNgeW,28.299999999999997,2.0999999999999996,2154.6,8.700000000000001,6.0,28.299999999999997,29.52631578947369,4,Ashley Westwood,MID,Burnley
Sq3RA5siJXALohFRk,24.9,0.9,1856.7,12.100000000000003,0.9,24.9,33.58421052631579,4,Adrian Mariappa,DEF,Watford
T2Ag3nKTZyXxGg3Kn,24.0,2.7,2040.0,13.0,0.9,24.0,33.98684210526316,4,Wes Morgan,DEF,Leicester
bmHhjJnSN5BFyJxmN,23.799999999999997,3.0,1918.8,13.199999999999998,3.9,23.799999999999997,41.823684210526324,4,Nacho Monreal,DEF,Arsenal
kzxj6R4f5aoABDeBX,7.8,0.9,634.5,29.199999999999996,0.9,7.8,50.968421052631584,4,Fraser Forster,GKP,Southampton
ySfeJfzv5zqbkK3uL,27.900000000000002,0.9,2280.6,9.1,1.8,27.900000000000002,39.29999999999999,4,Pablo Zabaleta,DEF,West Ham
M25mxo6E4ce7DHiWH,31.899999999999995,4.199999999999999,2702.7000000000003,5.1,2.4,31.899999999999995,36.42631578947368,4,Patrick van Aanholt,DEF,Crystal Palace
NaRuB5myMWn874pKo,25.0,1.8,2078.3999999999996,12.0,10.299999999999999,25.0,52.199999999999996,4,Trent Alexander-Arnold,DEF,Liverpool
MMQmANxcxxHLHEW2w,33.699999999999996,17.7,2740.5,3.300000000000001,4.5,33.699999999999996,24.000000000000004,4,Jamie Vardy,FWD,Leicester
X3hrqcohri9GDNdoP,33.99999999999999,9.0,2693.8999999999996,3.0000000000000004,11.1,33.99999999999999,40.647368421052626,4,Christian Eriksen,MID,Tottenham
ZuWWZ7aZp3uNZRDhd,29.8,21.8,2506.5,7.200000000000002,5.1,29.8,29.847368421052632,4,Harry Kane,FWD,Tottenham
bbMsovrbX7toaFCFw,32.2,2.7,2819.1,4.800000000000001,2.4,32.2,38.565789473684205,4,James Tarkowski,DEF,Burnley
irxTtXhrTZfrTvsdS,32.2,17.1,2558.7999999999997,4.799999999999999,5.1,32.2,49.01578947368421,4,Sadio Mané,MID,Liverpool
r4Daba7nc5hsLjkhJ,32.2,11.0,2063.8,4.799999999999999,6.599999999999999,32.2,40.47105263157895,4,Marcus Rashford,FWD,Man United
zBTzhrXYxNjEXNd45,30.7,7.2,2288.2,6.299999999999998,9.0,30.7,58.49473684210527,4,David Silva,MID,Man City
DGNKtHtTuJcA5rpDL,6.0,0.9,1348.4999999999998,30.999999999999996,0.9,6.0,10.539473684210526,4,Winston Reid,DEF,West Ham
bmTfC26gnGLp67NAb,28.900000000000002,6.599999999999999,1371.5,8.1,3.0,28.900000000000002,19.91052631578948,4,Andre Gray,FWD,Watford
dnrZ2h86TX6ruZfLp,13.0,1.2,957.2999999999998,24.0,1.4999999999999998,13.0,19.105263157894743,4,Scott Dann,DEF,Crystal Palace
kHjgTCtNWYA9Kaybi,8.1,0.9,333.5999999999999,28.900000000000002,0.9,8.1,6.489473684210526,4,Nathaniel Chalobah,MID,Watford
taeHWiNMCdfk93xne,16.3,5.1,1095.5,9.299999999999999,2.7,16.3,11.100000000000003,4,Daniel Ings,FWD,Southampton
uvKAjie9rn9GuoXWC,22.799999999999997,5.1,1189.8,14.199999999999998,3.6,22.799999999999997,17.684210526315784,4,Ruben Loftus-Cheek,MID,Chelsea
LEkYgw6rrFjR54CkX,20.7,0.9,1589.1,16.3,2.4,20.7,26.36842105263157,4,Simon Francis,DEF,Bournemouth
LmwenHR5RvoHAbnRp,28.0,5.4,1746.2999999999997,8.999999999999998,6.3,28.0,18.260526315789477,4,Michail Antonio,MID,West Ham
QbNZCrAnityEoLqhY,22.299999999999997,8.1,1689.0999999999997,3.300000000000001,6.699999999999999,22.299999999999997,35.10000000000001,4,Roberto Firmino Barbosa de Oliveira,FWD,Liverpool
eprmmEERwuFQNKj3T,31.6,6.0,2258.7,5.399999999999998,4.199999999999999,31.6,30.44210526315789,4,Roberto Pereyra,MID,Watford
rumWaZ9nwg3LNCPQr,29.199999999999996,1.8,1966.7999999999997,7.8,3.0,29.199999999999996,52.55263157894738,4,Jordan Henderson,MID,Liverpool
o5sa7STHnKPZ4JyW5,16.499999999999996,0.9,1379.9999999999998,20.5,0.9,16.499999999999996,22.16842105263157,4,Phil Bardsley,DEF,Burnley
qEjT2woyNHppYhymt,4.5,1.2,196.49999999999997,32.5,0.9,4.5,6.663157894736843,4,Daniel Drinkwater,MID,Burnley
EkQvDZpDQQuAiQwY7,29.7,1.4999999999999998,2013.3,7.3000000000000025,3.6,29.7,28.27894736842105,4,Cheikhou Kouyaté,MID,Crystal Palace
PThqamRtjBizb8KnT,11.2,1.4999999999999998,260.79999999999995,25.799999999999997,1.2,11.2,14.06578947368421,4,Phil Foden,MID,Man City
duGXe6bFBXaQe3k39,21.6,1.4999999999999998,1178.6999999999998,15.399999999999999,2.0999999999999996,21.6,22.160526315789472,4,Pedro Obiang,MID,West Ham
M2CtCcqcnxqd8q8hC,18.7,0.9,1336.1999999999998,18.299999999999997,1.4999999999999998,18.7,36.857894736842105,4,Joseph Gomez,DEF,Liverpool
eGpSZSMP6Xr8jRuEt,30.899999999999995,1.4999999999999998,2557.8,6.1,2.7,30.899999999999995,36.17368421052632,4,Idrissa Gueye,MID,Everton
hMa62aRtajwn9wxc6,7.8,0.9,518.1,29.199999999999996,0.9,7.8,12.063157894736841,4,Sebastian Prödl,DEF,Watford
ihdanS6EWgzgHu9px,22.6,1.4999999999999998,1287.3,14.4,1.2,22.6,38.19473684210526,4,Harry Winks,MID,Tottenham
iq88tTpNCmhGkXmv6,15.3,1.2,851.9999999999999,21.7,2.7,15.3,9.22105263157895,4,Robbie Brady,MID,Burnley
jfmKaeZXzmsQ9rGfo,28.599999999999998,2.7,1784.5999999999997,8.399999999999999,4.5,28.599999999999998,25.1921052631579,4,Marc Albrighton,MID,Leicester
quLpwL7T8eigxcsqv,14.199999999999998,0.9,1154.3999999999999,22.799999999999997,0.9,14.199999999999998,19.910526315789472,4,Martin Kelly,DEF,Crystal Palace
uZDKvF3pQY5SKJ9Wc,25.2,2.4,840.2999999999998,11.799999999999999,5.1,25.2,19.855263157894733,4,Kelechi Iheanacho,FWD,Leicester
yWe6fYRo3wJg4qit3,34.300000000000004,4.8,2675.1,2.7,4.8,34.300000000000004,29.19473684210526,4,Nathan Redmond,MID,Southampton
zacYQeeiewSucZywi,16.3,3.0,1153.2,20.7,4.199999999999999,16.3,13.84736842105263,4,Manuel Lanzini,MID,West Ham
DvNbBSkAAZcFXJRPo,30.7,3.6,2606.9999999999995,6.3,5.1,30.7,45.699999999999996,4,Granit Xhaka,MID,Arsenal
J5oWgaQ9u9pjBJPJh,18.599999999999998,3.3,1505.3999999999999,18.400000000000002,0.9,18.599999999999998,31.33421052631578,4,Laurent Koscielny,DEF,Arsenal
SjYgfdGcuYo9XyTfR,19.8,0.9,1714.5,17.2,0.9,19.8,64.57894736842104,4,Wayne Hennessey,GKP,Crystal Palace
Wdd663Hoj4F5QaCS9,22.6,1.4999999999999998,1921.1999999999998,14.4,3.9,22.6,42.439473684210526,4,Luke Shaw,DEF,Man United
d6c65PgE98JokMqRq,19.5,1.4999999999999998,1378.8,17.499999999999996,2.0999999999999996,19.5,17.46315789473684,4,Sung-yueng Ki,MID,Newcastle
dAmMPaxyEmbwYPg9Q,30.4,3.9,1639.0,6.6000000000000005,4.8,30.4,46.4421052631579,4,James Milner,MID,Liverpool
exXbeSNZLY9vkkHXw,24.599999999999998,1.4999999999999998,1979.1000000000001,12.399999999999999,6.0,24.599999999999998,39.01578947368421,4,Kieran Trippier,DEF,Tottenham
fWeYYNTgt4NCqDttx,9.299999999999999,1.2,780.3000000000001,27.7,2.0999999999999996,9.299999999999999,9.821052631578944,4,Kevin Long,DEF,Burnley
k2gtw2p2sniBL3DLk,15.999999999999998,1.4999999999999998,992.7,20.999999999999996,2.5,15.999999999999998,22.760526315789473,4,Ainsley Maitland-Niles,DEF,Arsenal
okaYJCfZkfFEywjvo,27.900000000000002,3.0,2288.7000000000003,9.100000000000001,1.2,27.900000000000002,49.026315789473685,4,Shkodran Mustafi,DEF,Arsenal
q3Enp7h9AdERpdCwx,26.1,3.3,1559.0999999999997,10.899999999999999,3.3,26.1,23.636842105263156,4,Jeffrey Schlupp,MID,Crystal Palace
DyHE25p5zNnScuBAB,36.1,3.9,3182.7,0.9,2.4,36.1,48.099999999999994,4,Nathan Aké,DEF,Bournemouth
GmsdFPC2BZAhLjQiQ,31.2,4.5,1857.3,5.800000000000001,7.499999999999999,31.2,36.99473684210527,4,Willian Borges Da Silva,MID,Chelsea
Nn3ur6bzfhC8t5AZm,14.499999999999998,1.2,419.79999999999995,22.5,2.0999999999999996,14.499999999999998,17.894736842105264,4,Dominic Solanke,FWD,Bournemouth
PmHyq9Rj9JEGpynwK,30.7,1.4999999999999998,2680.2000000000003,6.299999999999998,2.4,30.7,42.34736842105263,4,Michael Keane,DEF,Everton
Tys6R4KBuyhwtMb8q,34.89999999999999,12.8,2195.3,2.1000000000000005,2.7,34.89999999999999,22.94736842105263,4,Ashley Barnes,FWD,Burnley
CiKSwEb7RAiTdj6vF,23.099999999999998,4.199999999999999,929.7,13.900000000000002,2.4,23.099999999999998,14.921052631578947,4,Charlie Austin,FWD,Southampton
NLsEGv83GLpK6ymfW,30.099999999999998,7.8,2206.5,6.8999999999999995,4.5,30.099999999999998,26.147368421052636,4,Troy Deeney,FWD,Watford
K86uvBPnxJ76Anpb4,21.099999999999998,2.4,1276.8999999999999,15.899999999999999,3.6,21.099999999999998,17.41578947368421,4,Christian Benteke,FWD,Crystal Palace
RGN6Ec5ACcFY5xgps,30.299999999999997,12.899999999999999,2175.9,6.700000000000001,3.6,30.299999999999997,32.19473684210526,4,Romelu Lukaku,FWD,Man United
nvFuJq27PQYQCxLqL,27.1,2.7,2280.0,9.900000000000002,6.299999999999999,27.1,28.784210526315793,4,José Holebas,DEF,Watford
wC4Qdk6uqAvPuPAmd,34.89999999999999,0.9,3072.0,2.1000000000000005,0.9,34.89999999999999,89.28947368421055,4,Kasper Schmeichel,GKP,Leicester
wEG3qcfh6LmeuGbup,12.299999999999999,1.2,722.0999999999999,24.699999999999996,0.9,12.299999999999999,23.06842105263157,4,Eric Bailly,DEF,Man United
CoiHEGZM4YbE4bpbG,23.099999999999998,0.9,1654.8,13.900000000000002,3.0,23.099999999999998,32.747368421052634,4,Arthur Masuaku,DEF,West Ham
DivM2uKJYCCBdzNpD,27.299999999999997,10.2,1926.0,9.700000000000001,6.0,27.299999999999997,20.06842105263157,4,Marko Arnautovic,FWD,West Ham
RpiQrk5AQ8ShyAAab,22.2,1.4999999999999998,1689.5999999999997,14.799999999999999,0.9,22.2,29.115789473684206,4,Christian Kabasele,DEF,Watford
agkgtKtSu63zE4pxw,27.1,10.6,1569.8999999999999,9.899999999999999,5.1,27.1,33.48947368421053,4,Anthony Martial,MID,Man United
iouw8So9SHCzLqvWG,12.700000000000001,1.2,683.7999999999998,24.3,3.0,12.700000000000001,12.647368421052633,4,Jack Wilshere,MID,West Ham
jzTF2rnmAmG2DRcDz,11.8,1.4999999999999998,945.0,25.2,1.2,11.8,20.4,4,Joel Ward,DEF,Crystal Palace
qbcCZe8r6nKP5K5DA,36.4,0.9,3208.5,0.5999999999999995,0.9,36.4,90.33157894736841,4,Jordan Pickford,GKP,Everton
sevcawNArbdFbSYtZ,17.399999999999995,2.0999999999999996,1269.2999999999997,19.599999999999998,1.8,17.399999999999995,40.51578947368421,4,Dejan Lovren,DEF,Liverpool
qB3u9tvgQrhXojAT7,29.099999999999998,9.9,1879.2,7.900000000000001,12.6,29.099999999999998,44.021052631578954,4,Leroy Sané,MID,Man City
yRvnXpuqE55ohjzxM,25.2,1.4999999999999998,2148.0,11.8,1.2,25.2,45.64736842105263,4,Jan Vertonghen,DEF,Tottenham
DNA6KCYfNXmW99SXP,35.79999999999999,2.0999999999999996,3143.7000000000003,1.2000000000000006,2.4,35.79999999999999,37.776315789473685,4,Jack Cork,MID,Burnley
Hud2pHKNe7NE4TL7L,23.5,3.6,1390.6,13.5,4.8,23.5,33.636842105263156,4,Juan Mata,MID,Man United
L7nwwAxNYgmEtd3Jv,27.1,1.4999999999999998,2367.0,9.899999999999999,2.4,27.1,28.231578947368412,4,Ryan Bertrand,DEF,Southampton
MFdcTwD5gCrKWw6JL,25.499999999999996,4.5,1267.4999999999998,11.499999999999998,2.7,25.499999999999996,19.026315789473685,4,Shane Long,FWD,Southampton
NSntqh9EggDhi8buk,15.899999999999999,1.8,892.4999999999998,21.099999999999998,1.4999999999999998,15.899999999999999,13.357894736842105,4,Tom Cleverley,MID,Watford
dnZLirKrgkegY84QN,14.099999999999998,1.8,598.1999999999999,22.899999999999995,0.9,14.099999999999998,17.747368421052627,4,Victor Wanyama,MID,Tottenham
dydumJiNBwLYPzR3T,2.7,0.9,110.09999999999998,34.300000000000004,0.9,2.7,2.8263157894736843,4,James McCarthy,MID,Crystal Palace
fXz6mWHCc32AXeMjZ,20.7,3.6,1038.6000000000001,16.3,3.6,20.7,15.205263157894741,4,Junior Stanislas,MID,Bournemouth
g8Ak8q9jAHNW7pDpz,20.8,3.9,954.2999999999997,16.2,4.5,20.8,24.31578947368421,4,Erik Lamela,MID,Tottenham
mgjvyQuzkHWqBanwK,6.8999999999999995,0.9,439.2,30.099999999999998,0.9,6.8999999999999995,12.710526315789474,4,Matteo Darmian,DEF,Man United
nLeoWrZbWPMbWqv54,36.1,2.0999999999999996,3170.7000000000003,0.9,6.3,36.1,54.9,4,César Azpilicueta,DEF,Chelsea
pDuA98tLoTen85m3M,14.5,0.9,1248.0,22.5,0.9,14.5,63.90526315789474,4,Tom Heaton,GKP,Aston Villa
wARcQAZ2Xrhz756T8,10.2,0.9,739.1999999999999,26.799999999999997,1.2,10.2,15.46578947368421,4,Christian Fuchs,DEF,Leicester
E9g8oeFW6SJcYxsXQ,30.099999999999998,6.8999999999999995,1644.5999999999997,6.900000000000001,2.7,30.099999999999998,35.06842105263158,4,Pedro Rodríguez Ledesma,MID,Chelsea
PjJ94NnD6fJ9Q6pDL,29.099999999999998,4.8,1669.5,7.900000000000001,3.6,29.099999999999998,28.531578947368416,4,Theo Walcott,MID,Everton
WamqLiH64KufduH5L,2.0999999999999996,0.9,107.69999999999999,34.89999999999999,0.9,2.0999999999999996,48.252631578947366,4,Claudio Bravo,GKP,Man City
YMijYsfSpznCceQMB,28.599999999999998,1.8,2358.0,8.399999999999999,3.0,28.599999999999998,32.526315789473685,4,Etienne Capoue,MID,Watford
eMu7zXYBizNpemQnn,12.700000000000001,0.9,2933.1,24.3,0.9,12.700000000000001,57.94736842105263,4,Nick Pope,GKP,Burnley
gSEYEoMjpPL9sRLPa,32.5,4.3,2836.8,4.5,3.3,32.5,71.92105263157895,4,Virgil van Dijk,DEF,Liverpool
z56PwipWhmpGQaKie,28.299999999999997,10.0,1216.7,8.7,4.8,28.299999999999997,43.294736842105266,4,Gabriel Fernando de Jesus,FWD,Man City
wZHser2hgRTco64yL,25.2,1.8,2027.0999999999997,11.799999999999999,1.4999999999999998,25.2,30.323684210526316,4,Angelo Ogbonna,DEF,West Ham
kMQWoWviRabZGRisD,32.8,6.599999999999999,2630.3999999999996,4.199999999999999,10.2,32.8,28.892105263157898,4,Ryan Fraser,MID,Bournemouth
LnMT3PdTaAsgxcQBS,26.399999999999995,6.8999999999999995,1583.3999999999999,10.6,6.599999999999999,26.399999999999995,22.531578947368423,4,Xherdan Shaqiri,MID,Liverpool
K2gqyAADgNeLTYAok,22.6,0.9,1867.7999999999997,14.399999999999999,1.8,22.6,28.46052631578948,4,Matthew Lowton,DEF,Burnley
Yfs92asRZAfMSmApH,29.999999999999996,3.6,1765.1999999999998,7.0,7.2,29.999999999999996,37.128947368421045,4,Alex Iwobi,MID,Everton
WcdMexix2YYYFPMy3,26.1,1.4999999999999998,1839.6000000000001,10.899999999999999,3.0,26.1,42.37894736842105,4,Ben Davies,DEF,Tottenham
ZPTG5h9S6AnkqC2pE,27.0,2.4,2292.9,10.0,1.4999999999999998,27.0,34.07368421052632,4,James Tomkins,DEF,Crystal Palace
kK7ipwHNFPDz3eBd6,26.7,6.599999999999999,2020.7999999999997,10.3,7.2,26.7,29.79473684210526,4,Bamidele Alli,MID,Tottenham
n2NcW9dn482Fmkp2Q,21.299999999999997,0.9,1876.5,15.700000000000003,0.9,21.299999999999997,66.91578947368421,4,Alex McCarthy,GKP,Southampton
rfFutgr4MzhCMKgc6,25.3,0.9,2199.0,11.700000000000001,2.7,25.3,36.47894736842105,4,Aaron Wan-Bissaka,DEF,Man United
xqsnK2boXwDgwch2q,25.599999999999998,2.7,2136.0,11.399999999999999,0.9,25.599999999999998,35.62105263157895,4,Craig Cathcart,DEF,Watford
MSGgCeHqTvBZ5F44c,18.299999999999997,1.4999999999999998,1566.0,18.7,1.8,18.299999999999997,25.42105263157895,4,Maya Yoshida,DEF,Southampton
N4oovfYLJtuQqg9pr,14.099999999999998,1.2,995.6999999999999,22.899999999999995,2.0999999999999996,14.099999999999998,35.28947368421053,4,Fabian Delph,DEF,Everton
Quxv77QEPMC8qoxoS,36.1,0.9,3181.5,0.9,0.9,36.1,86.1,4,Ben Foster,GKP,Watford
RLqRteW98cgNGg4wh,31.299999999999997,10.499999999999998,2578.1999999999994,5.700000000000001,12.8,31.299999999999997,34.33684210526316,4,Paul Pogba,MID,Man United
T3W9onMdjJcxGxReF,33.699999999999996,0.9,2965.5,3.2999999999999994,2.0999999999999996,33.699999999999996,41.58947368421053,4,Ben Mee,DEF,Burnley
Wg4566rRAkyxeLaQz,24.699999999999996,1.2,2004.0,12.299999999999999,3.6,24.699999999999996,28.089473684210528,4,Aaron Cresswell,DEF,West Ham
WhkJxbms3B7Dz2Sig,11.399999999999999,1.4999999999999998,837.5999999999998,25.599999999999998,1.8,11.399999999999999,16.02631578947368,4,Leighton Baines,DEF,Everton
ZvwvSJyYq7JNr8ZP4,11.700000000000001,1.2,909.3,25.3,1.2,11.700000000000001,8.73157894736842,4,Steven Defour,MID,Burnley
bLYDxA7vAN2wQkGkh,0.9,0.9,40.5,36.1,0.9,0.9,45.0,4,Maarten Stekelenburg,GKP,Everton
zC6awXt97EBXwS2ce,18.700000000000003,2.7,874.7999999999998,18.299999999999997,3.9,18.700000000000003,18.710526315789476,4,Ross Barkley,MID,Chelsea
kje5qZrXi8Nn9kbjR,3.0,0.9,229.5,33.99999999999999,0.9,3.0,47.715789473684204,4,Willy Caballero,GKP,Chelsea
D2HcPioE9Dctf9FEv,18.900000000000002,0.9,1388.9999999999998,18.1,1.4999999999999998,18.900000000000002,36.93157894736842,4,Phil Jones,DEF,Man United
irKL3tqhNBuJvnAmb,17.399999999999995,0.9,1142.1000000000001,19.599999999999998,1.4999999999999998,17.399999999999995,21.40263157894737,4,Lewis Cook,MID,Bournemouth
Evb3gQ2DZagksZzvv,29.199999999999996,8.7,1813.5,7.8,10.2,29.199999999999996,31.897368421052633,4,Riyad Mahrez,MID,Man City
FRBawGLukznpoSv9T,30.999999999999996,9.6,2652.3999999999996,6.000000000000001,9.6,30.999999999999996,22.373684210526317,4,Wilfried Zaha,MID,Crystal Palace
FRjjvsHKpHCksNzAA,29.199999999999996,20.8,2123.7,7.8,9.299999999999999,29.199999999999996,41.128947368421045,4,Sergio Agüero,FWD,Man City
nShi8djm2Aoa8zxcN,21.899999999999995,1.8,1559.9999999999998,15.099999999999998,0.9,21.899999999999995,47.62105263157894,4,Joel Matip,DEF,Liverpool
pKvZArurbxAobYT6X,19.599999999999998,0.9,1251.8999999999999,17.400000000000002,1.4999999999999998,19.599999999999998,22.578947368421048,4,Morgan Schneiderlin,MID,Everton
dfcK9cda6pi5sTjAh,9.6,0.9,526.1999999999999,27.399999999999995,1.2,9.6,13.66578947368421,4,Mohamed Elneny,MID,Arsenal
duKWk786JJhQtj33F,30.7,1.8,2278.2,6.3000000000000025,0.9,30.7,28.863157894736837,4,Oriol Romeu Vidal,MID,Southampton
npjC3CDFgNuJWnEQC,25.0,1.8,1990.8,12.000000000000002,2.4,25.0,36.69210526315789,4,Adam Smith,DEF,Bournemouth
sgYFcyX4CeGD4wqoQ,21.7,0.9,1577.3999999999999,15.3,0.9,21.7,54.73684210526316,4,John Stones,DEF,Man City
wDRBWAhBJhjhB39M9,30.899999999999995,11.700000000000001,1947.8999999999999,6.100000000000001,8.1,30.899999999999995,33.89999999999999,4,Heung-Min Son,MID,Tottenham
z3J6X2p7Wd88H24Lp,22.899999999999995,2.0999999999999996,1975.7999999999997,14.099999999999998,2.4,22.899999999999995,32.17894736842105,4,Seamus Coleman,DEF,Everton
zQ4pk9mMCNuqKCe8b,22.799999999999997,1.2,1969.2,14.199999999999998,1.4999999999999998,22.799999999999997,28.8,4,Mamadou Sakho,DEF,Crystal Palace
evKD48yKn5EsdJvFy,31.799999999999997,12.899999999999999,2197.8,5.199999999999999,9.6,31.799999999999997,31.41315789473684,4,Alexandre Lacazette,FWD,Arsenal
vrBH6TBE8a6N6yadK,25.0,1.4999999999999998,2075.7,12.0,1.4999999999999998,25.0,45.29736842105264,4,Victor Lindelöf,DEF,Man United
4j4tgJnkcHxup7g8v,23.400000000000002,1.4999999999999998,1815.8999999999999,13.599999999999998,6.299999999999999,23.400000000000002,36.52894736842105,4,Sead Kolasinac,DEF,Arsenal
sQNqBiq8xBXnv2EnN,33.99999999999999,0.9,2992.5,3.0000000000000004,0.9,33.99999999999999,76.76052631578948,4,Mathew Ryan,GKP,Brighton
qraF7Gpcfv7YQy6ff,21.899999999999995,0.9,1794.6000000000001,15.099999999999998,0.9,21.899999999999995,22.673684210526318,4,Gaëtan Bong,DEF,Brighton
SixC5nRh49jr4xqp4,34.89999999999999,2.4,3047.0999999999995,2.099999999999999,2.8,34.89999999999999,33.2,4,Lewis Dunk,DEF,Brighton
sHnZmw2yACnuTi2wM,34.300000000000004,3.9,2970.2999999999997,2.7,2.7,34.300000000000004,31.8,4,Shane Duffy,DEF,Brighton
TkCmHkTN9TWc2aZBT,28.599999999999998,4.8,2127.3,8.4,6.1,28.599999999999998,18.160526315789472,4,Pascal Groß,MID,Brighton
tEyxrisP76mHE4ynE,30.999999999999996,1.4999999999999998,2592.9,6.0,2.4,30.999999999999996,27.63947368421053,4,Dale Stephens,MID,Brighton
itGMWBfDMPq5nY4dR,17.7,1.4999999999999998,822.0,19.299999999999997,1.4999999999999998,17.7,13.310526315789472,4,Beram Kayal,MID,Brighton
8oEQv7WnmzXPkkpKY,28.8,3.0,1861.8,8.199999999999998,4.8,28.8,19.69736842105263,4,Anthony Knockaert,MID,Brighton
PypZQtMDdqWJeXFLW,33.699999999999996,1.8,2157.3,3.2999999999999994,5.4,33.699999999999996,27.078947368421055,4,Solomon March,MID,Brighton
KvTfLqoDib7usQpkA,35.2,12.299999999999999,2259.2999999999997,1.8,1.4999999999999998,35.2,20.81842105263158,4,Glenn Murray,FWD,Brighton
48GywddzpRXuCszJa,27.0,0.9,2269.2,10.0,1.4999999999999998,27.0,33.939473684210526,4,Charlie Taylor,DEF,Burnley
hF96kTfbHG9GGpDNq,28.8,2.0999999999999996,2463.9,8.199999999999998,2.4,28.8,45.44210526315789,4,Antonio Rüdiger,DEF,Chelsea
LhQvwukmJuvDHWMeR,35.79999999999999,24.699999999999996,2954.3999999999996,1.2000000000000006,12.700000000000001,35.79999999999999,44.86842105263158,4,Mohamed Salah,MID,Liverpool
s9E9KgEs2aEDu24T9,0.9,0.9,636.8999999999999,24.699999999999996,0.9,0.9,0.9,4,Matthew James,MID,Leicester
nqNtuh4sDoETdmmpS,0.9,0.9,40.5,36.1,0.9,0.9,45.0,4,Danny Ward,GKP,Leicester
85Y2zd5Pp3qmDAQWW,35.5,0.9,3141.0,1.4999999999999996,1.4999999999999998,35.5,135.67368421052632,4,Ederson Santana de Moraes,GKP,Man City
nZ2SEJ5mvYA2BqP47,32.99999999999999,6.8999999999999995,2204.1,3.999999999999999,7.2,32.99999999999999,66.86052631578947,4,Bernardo Mota Veiga de Carvalho e Silva,MID,Man City
YAQTnjRunLDRXbQEd,12.7,0.9,980.1,24.3,2.7,12.7,32.20526315789474,4,Oleksandr Zinchenko,DEF,Man City
M2fopFZ9fStc6r7Yh,15.7,2.0999999999999996,836.4,21.299999999999997,0.9,15.7,23.168421052631576,4,Scott McTominay,MID,Man United
B6rzzCYsYHdKTT6y4,23.5,0.9,1802.7,13.5,0.9,23.5,25.657894736842103,4,Paul Dummett,DEF,Newcastle
PPHDQ3qkN8jjiAkhn,15.3,0.9,1303.8,21.7,1.4999999999999998,15.3,20.88947368421053,4,Florian Lejeune,DEF,Newcastle
c73hTbiPBZTh43TPJ,13.5,3.3,1078.2,23.5,1.2,13.5,13.957894736842103,4,Ciaran Clark,DEF,Newcastle
QfHHCBpzCk2TPZ5iZ,3.9,0.9,310.5,33.1,0.9,3.9,48.078947368421055,4,Karl Darlow,GKP,Newcastle
xedJhwQjAxF2JMAcY,31.299999999999997,1.8,2655.5999999999995,5.700000000000001,1.4999999999999998,31.299999999999997,33.26842105263158,4,Jamaal Lascelles,DEF,Newcastle
L6kTmLJigtLeakCYs,28.5,1.4999999999999998,2376.2999999999997,8.5,2.7,28.5,29.368421052631582,4,DeAndre Yedlin,DEF,Newcastle
CfRKss7HmTX2aN9LM,34.300000000000004,3.0,2727.2999999999997,2.6999999999999984,7.8,34.300000000000004,30.584210526315797,4,Matt Ritchie,DEF,Newcastle
JoaCMp96f8acrWa6x,20.8,1.8,1338.4999999999998,16.2,2.7,20.8,14.944736842105263,4,Jonjo Shelvey,MID,Newcastle
fBztEf5wQ66QJSW73,24.699999999999996,1.8,1654.2,12.3,3.3,24.699999999999996,24.805263157894736,4,Isaac Hayden,MID,Newcastle
rdeBpaafJmApz5kw7,24.099999999999998,8.1,1865.1000000000001,1.5000000000000013,2.0999999999999996,24.099999999999998,17.7,4,Ayoze Pérez Gutiérrez,MID,Leicester
k2T9TM7H5g85GHiYz,26.1,2.0999999999999996,1461.8999999999999,10.900000000000002,2.7,26.1,21.521052631578954,4,Christian Atsu,MID,Newcastle
FNzb8EkxiBbvKA9N7,18.399999999999995,1.2,1548.6,18.6,1.4999999999999998,18.399999999999995,24.221052631578953,4,Jan Bednarek,DEF,Southampton
yDpcGSr8YCQPiaykQ,19.8,3.2999999999999994,903.0,17.2,1.2,19.8,13.744736842105265,4,Jose Luis Mato Sanmartín,FWD,Newcastle
WaxECthy5uNWJQKep,25.9,2.7,1878.0,11.1,4.199999999999999,25.9,25.105263157894736,4,Will Hughes,MID,Watford
N4eDaKWT4jcFifJCe,26.499999999999996,1.8,1869.0,10.499999999999998,1.8,26.499999999999996,31.657894736842103,4,Francisco Femenía Far,DEF,Watford
5hFxgMQDAGQr3DFRv,1.4999999999999998,0.9,202.5,35.5,0.9,1.4999999999999998,45.80526315789473,4,Eldin Jakupovic,GKP,Leicester
YjKGdTzDJhab2R6yJ,19.299999999999997,0.9,1316.3999999999999,17.7,3.0,19.299999999999997,19.97368421052632,4,Javier Manquillo,DEF,Newcastle
g3RMKEAATJtRrFMg2,14.7,2.4,925.5,22.299999999999997,1.4999999999999998,14.7,34.51578947368421,4,Danilo Luiz da Silva,DEF,Man City
iRS4t4NWoviG2Ztn9,9.0,0.9,688.5,28.0,4.8,9.0,23.69210526315789,4,Benjamin Mendy,DEF,Man City
kKQF4PsQKb5YbfuRg,25.599999999999998,7.499999999999999,1321.1999999999998,11.400000000000002,3.9,25.599999999999998,17.802631578947373,4,Javier Hernández Balcázar,FWD,West Ham
ZuSKFK3DQfJgRLuYH,30.4,1.2,2642.0999999999995,6.599999999999999,9.6,30.4,63.22631578947368,4,Andrew Robertson,DEF,Liverpool
Bu5aEeB7yewfkvjDL,30.4,1.4999999999999998,2593.4999999999995,6.599999999999999,3.7,30.4,26.41842105263157,4,Davy Pröpper,MID,Brighton
AHZHd2ewgQzdj6Wcf,21.299999999999997,1.8,1522.1999999999998,15.7,2.4,21.299999999999997,16.089473684210525,4,Mario Lemina,MID,Southampton
ff5jPhDuakgy9yy33,34.300000000000004,10.2,2572.7999999999997,2.7,5.1,34.300000000000004,26.399999999999995,4,Richarlison de Andrade,MID,Everton
eFAzZuFPLrxvBCNj3,15.099999999999998,0.9,1119.6000000000001,21.900000000000002,0.9,15.099999999999998,28.847368421052632,4,Andreas Christensen,DEF,Chelsea
t42TpDhD2HtuWQn8p,19.5,2.4,1106.6999999999998,17.499999999999996,3.6,19.5,12.836842105263157,4,José Heriberto Izquierdo Mena,MID,Brighton
su2A3r5bhv5qJ9bek,25.0,1.4999999999999998,2054.7,12.000000000000002,2.0999999999999996,25.0,44.43157894736842,4,Davinson Sánchez,DEF,Tottenham
GNvDh7rdrj9xm6KX6,32.2,9.9,2164.7999999999997,4.800000000000001,3.0,32.2,24.307894736842105,4,Chris Wood,FWD,Burnley
Eh5YxcmxnyP4CZKHb,11.1,1.4999999999999998,805.8,25.9,2.7,11.1,19.84736842105263,4,Serge Aurier,DEF,Tottenham
6s8BL83nBidTHgeLG,10.2,1.2,441.5999999999999,26.799999999999997,1.2,10.2,17.321052631578947,4,Davide Zappacosta,DEF,Chelsea
hAFRvPQkQ3iX3u9Cp,10.0,0.9,568.8,27.0,1.2,10.0,10.223684210526315,4,Hamza Choudhury,MID,Leicester
QWqMutWqFf4LYYY7p,20.4,4.199999999999999,962.1,16.6,2.7,20.4,14.573684210526315,4,Cenk Tosun,FWD,Everton
upDRSqvEbLDFfQSo4,4.5,0.9,186.89999999999998,32.5,0.9,4.5,9.489473684210527,4,Konstantinos Mavropanos,DEF,Arsenal
NWJazK2vmC5Pp8dvj,19.299999999999997,2.4,904.8,17.7,1.2,19.299999999999997,15.063157894736841,4,Jürgen Locadia,FWD,Brighton
TYSaxKtHXJQteNNEK,25.599999999999998,2.7,2205.9,11.399999999999999,2.7,25.599999999999998,66.61842105263159,4,Aymeric Laporte,DEF,Man City
o3yy8hhq3ZFb92X5J,21.999999999999996,7.199999999999999,1453.7999999999997,14.999999999999998,4.199999999999999,21.999999999999996,16.42105263157895,4,Gerard Deulofeu,FWD,Watford
BfFKoMzF95iZw4Fy3,9.399999999999999,0.9,609.9,27.599999999999998,1.2,9.399999999999999,13.926315789473682,4,Emerson Palmieri dos Santos,DEF,Chelsea
tSj39mauNjCq42LXg,27.399999999999995,18.1,2080.5,9.599999999999998,6.299999999999999,27.399999999999995,22.965789473684207,4,Pierre-Emerick Aubameyang,FWD,Arsenal
oQhmjoLisSM36MKfX,23.2,6.8999999999999995,1461.3000000000004,13.799999999999999,3.4,23.2,27.468421052631584,4,Lucas Rodrigues Moura da Silva,MID,Tottenham
ey3RuSXQWePXZ2NfY,28.599999999999998,0.9,2506.5,8.399999999999999,0.9,28.599999999999998,74.20263157894738,4,Martin Dubravka,GKP,Newcastle
BK6AFuzvB8NqLhB8m,21.099999999999998,0.9,1831.5,4.5,0.9,21.099999999999998,82.0,4,Bernd Leno,GKP,Arsenal
H5TLPb62FKN8knk4X,16.9,1.4999999999999998,1449.2999999999997,8.700000000000001,2.0999999999999996,16.9,30.7,4,Sokratis Papastathopoulos,DEF,Arsenal
jEx8fhgARoBN5fFjd,21.299999999999997,2.0999999999999996,1466.6999999999998,4.300000000000001,3.3,21.299999999999997,31.5,4,Lucas Torreira,MID,Arsenal
he5YubwkRrH8MEw5p,21.7,0.9,1414.5,3.899999999999999,0.9,21.7,33.1,4,Matteo Guendouzi,MID,Arsenal
97HPNsMJfxtpLi5xK,5.699999999999999,1.4999999999999998,395.1,19.900000000000002,0.9,5.699999999999999,8.7,4,Leon Balogun,DEF,Brighton
wNpWv7niyvugTvXBk,18.900000000000002,5.1,1398.3,6.699999999999999,4.5,18.900000000000002,21.900000000000002,4,David Brooks,MID,Bournemouth
atKBNXYLAnCmSAFmm,15.7,3.7,586.0999999999999,9.9,0.9,15.7,9.299999999999999,4,Florin Andone,FWD,Brighton
AtkBGWnad6KyNfKRw,15.099999999999998,0.9,1090.9,10.499999999999998,1.4999999999999998,15.099999999999998,15.700000000000003,4,Bernardo Fernandes da Silva Junior,DEF,Brighton
vBCJEZXvWuTEXQqwX,1.2,0.9,43.50000000000001,35.79999999999999,0.9,1.2,1.4052631578947368,4,Ethan Ampadu,MID,Chelsea
v6F3NhjgmiMBHKXLb,7.499999999999999,0.9,281.4,29.5,1.4999999999999998,7.499999999999999,7.310526315789476,4,Callum Hudson-Odoi,MID,Chelsea
YMY6X6kHhveo6TffJ,24.099999999999998,2.0999999999999996,2006.1000000000001,1.5000000000000013,0.9,24.099999999999998,36.3,4,Jorge Luiz Frello Filho,MID,Chelsea
hRNPDnoqix67QYQyR,13.899999999999999,0.9,1182.8999999999999,11.700000000000001,0.9,13.899999999999999,64.2,4,Vicente Guaita,GKP,Crystal Palace
hfwBKLWRCpJ7ueuK2,3.3,0.9,256.5,22.299999999999997,0.9,3.3,47.39999999999999,4,David Button,GKP,Brighton
Fwz2WAQnp76HqBjhi,22.899999999999995,2.0999999999999996,2004.3,2.7,5.699999999999999,22.899999999999995,26.1,4,Ricardo Domingos Barbosa Pereira,DEF,Leicester
hEqZ3fcBiXzM5gDmD,23.5,5.1,1829.0999999999997,2.099999999999999,5.1,23.5,21.300000000000004,4,James Maddison,MID,Leicester
CuCpnDJbiAW2M8krc,18.7,1.4999999999999998,1337.1,6.900000000000001,2.0999999999999996,18.7,39.1,4,Fabio Henrique Tavares,MID,Liverpool
QyKqmuvuYcaidNhC6,15.899999999999999,2.0999999999999996,871.5,9.700000000000001,1.4999999999999998,15.899999999999999,28.5,4,Naby Keita,MID,Liverpool
QgyGrSb5xfZ5kMchC,10.499999999999998,0.9,645.8999999999999,15.099999999999998,2.0999999999999996,10.499999999999998,18.299999999999997,4,José Diogo Dalot Teixeira,DEF,Man United
vJiR4n7bjnQaRisLT,11.1,1.4999999999999998,663.8999999999999,14.5,2.0999999999999996,11.1,11.700000000000001,4,Frederico Rodrigues de Paula Santos,MID,Man United
XoB8svtysFMAxJ5Yv,18.299999999999997,2.7,893.0999999999999,7.3,3.3,18.299999999999997,13.499999999999998,4,Stuart Armstrong,MID,Southampton
xmcv7JqucccQmnvda,10.499999999999998,0.9,511.49999999999994,15.099999999999998,0.9,10.499999999999998,8.1,4,Mohamed Elyounoussi,MID,Southampton
6EAjy7FtKfQBRjCLN,9.1,0.9,778.5,16.499999999999996,0.9,9.1,55.199999999999996,4,Angus Gunn,GKP,Southampton
gGhbT5gscey4Nr4sE,15.7,0.9,1346.6999999999998,9.9,0.9,15.7,23.099999999999998,4,Jannik Vestergaard,DEF,Southampton
7wPsWSR7kc2n6SNH5,0.9,0.9,40.5,24.699999999999996,0.9,0.9,45.0,4,Pontus Dahlberg,GKP,Watford
Y7Syr553Kk2wRSusN,2.0999999999999996,0.9,90.9,23.5,0.9,2.0999999999999996,5.100000000000001,4,Marc Navarro,DEF,Watford
D3bkwfyEHGKspM7TK,9.299999999999999,0.9,641.7,16.3,1.4999999999999998,9.299999999999999,15.3,4,Adam Masina,DEF,Watford
daBrdWvstktvNsqKm,11.1,1.4999999999999998,488.7,14.5,2.0999999999999996,11.1,11.700000000000001,4,Ken Sema,MID,Watford
8TJzu95dyGk87tNRL,10.9,1.4999999999999998,780.8999999999999,14.7,0.9,10.9,12.900000000000002,4,Ryan Fredericks,DEF,West Ham
f8siBNPK4NXYAP2g3,21.7,1.4999999999999998,1912.5,3.899999999999999,0.9,21.7,32.699999999999996,4,Issa Diop,DEF,West Ham
GoxYvhP8doBrQ2zRN,6.3,2.0999999999999996,314.1,19.299999999999997,1.4999999999999998,6.3,3.9,4,Andriy Yarmolenko,MID,West Ham
uksn5hWtmsgfzwamF,15.7,1.4999999999999998,1338.3,9.9,0.9,15.7,23.699999999999996,4,Fabián Balbuena,DEF,West Ham
fpyE8vi6a4gHN2wSr,23.5,6.3,1932.5,2.099999999999999,4.5,23.5,21.299999999999997,4,Felipe Anderson Pereira Gomes,MID,West Ham
iiR2ZiZjAYZw3692T,1.4999999999999998,0.9,94.5,24.099999999999998,0.9,1.4999999999999998,46.20000000000001,4,John Ruddy,GKP,Wolves
XcYi74oMCefNbstir,1.4999999999999998,0.9,41.099999999999994,24.099999999999998,0.9,1.4999999999999998,45.599999999999994,4,Will Norris,GKP,Wolves
RbAJFHfZ2cw6djbmj,23.5,3.3,2031.3,2.099999999999999,0.9,23.5,26.1,4,Willy Boly,DEF,Wolves
6CLiW9npFcyTdKLXN,24.699999999999996,3.3,2015.1000000000001,0.9,5.1,24.699999999999996,23.699999999999996,4,Matt Doherty,DEF,Wolves
cHAHaW73Rwjov3X6D,13.299999999999999,2.0999999999999996,734.6999999999999,12.299999999999999,0.9,13.299999999999999,17.7,4,Romain Saïss,DEF,Wolves
Dv2BZCuZWscYh3FmR,22.299999999999997,1.4999999999999998,1966.5,3.300000000000001,0.9,22.299999999999997,30.299999999999997,4,Ryan Bennett,DEF,Wolves
brWf9uRcmvsG49hGk,24.699999999999996,0.9,2182.5,0.9,0.9,24.699999999999996,32.699999999999996,4,Conor Coady,DEF,Wolves
Zxy8pev2dhfFkHtMm,11.1,0.9,462.29999999999995,14.5,0.9,11.1,15.899999999999999,4,Rúben Gonçalo Silva Nascimento Vinagre,DEF,Wolves
nvN8QncLonpjybufD,21.7,6.3,1526.7,3.899999999999999,5.699999999999999,21.7,14.7,4,Diogo Jota,FWD,Wolves
aFijthPopBLo9P9Zy,22.899999999999995,3.3,1924.1000000000001,2.7,2.7,22.899999999999995,21.299999999999997,4,Rúben Diogo da Silva Neves,MID,Wolves
srBbbWEWP83dWmBXz,14.7,2.7,446.69999999999993,10.9,1.4999999999999998,14.7,9.9,4,Ivan Cavaleiro,MID,Wolves
iAMynwBLAC9MZGNeu,15.899999999999999,1.4999999999999998,840.2999999999998,9.700000000000001,2.0999999999999996,15.899999999999999,12.899999999999999,4,Hélder Costa,MID,Wolves
6G7Y9NZPozoE7aHYp,24.699999999999996,8.7,1997.6999999999998,0.9,6.8999999999999995,24.699999999999996,14.7,4,Raúl Jiménez,FWD,Wolves
ZjrwbZmbYcoTvspNP,16.499999999999996,0.9,427.5,9.1,1.4999999999999998,16.499999999999996,12.900000000000002,4,Morgan Gibbs-White,MID,Wolves
CL9RGto2mejqcxGTE,24.099999999999998,0.9,2128.5,1.5000000000000013,0.9,24.099999999999998,72.0,4,Rui Pedro dos Santos Patrício,GKP,Wolves
4mj7pxrH4vZbs8mWe,17.7,0.9,1098.9,7.900000000000001,0.9,17.7,14.7,4,Yves Bissouma,MID,Brighton
aQ642xLKuEEiuuwJL,24.699999999999996,0.9,2130.5,0.9,0.9,24.699999999999996,100.39999999999999,4,Alisson Ramses Becker,GKP,Liverpool
RH5cPhFFW5s7P97F9,9.1,0.9,494.1,16.499999999999996,0.9,9.1,9.7,4,Diego Rico,DEF,Bournemouth
5wZTP5A83DPm9NvDx,12.299999999999999,0.9,648.9,13.299999999999999,0.9,12.299999999999999,8.7,4,Alireza Jahanbakhsh,MID,Brighton
DfErahJtReG3t3EhB,11.1,1.4999999999999998,801.3000000000002,25.9,2.7,11.1,14.668421052631581,4,Matt Targett,DEF,Aston Villa
egcvofts3m843z3Sp,24.699999999999996,1.4999999999999998,1948.5,0.9,5.699999999999999,24.699999999999996,21.299999999999997,4,João Filipe Iria Santos Moutinho,MID,Wolves
sfmPS3D2GHYNnTphm,10.9,1.4999999999999998,467.49999999999994,26.1,2.5,10.9,11.7,4,Andreas Pereira,MID,Man United
5Tf7RYjg7K8jogf4m,16.3,3.3,1330.4999999999998,9.299999999999999,1.4999999999999998,16.3,21.300000000000004,4,Fabian Schär,DEF,Newcastle
7Xa2WKKwbWd7LZmKq,21.7,1.4999999999999998,1793.7,3.899999999999999,2.7,21.7,25.499999999999996,4,Jonathan Castro Otto,DEF,Wolves
qveCBsC8mNzw5sdXJ,22.899999999999995,3.3,1908.9,2.7,3.9,22.899999999999995,27.900000000000002,4,Lucas Digne,DEF,Everton
zNDKQMnBbbo24r5L2,19.299999999999997,1.4999999999999998,973.4999999999999,6.3,2.7,19.299999999999997,17.7,4,Max Meyer,MID,Crystal Palace
FPuxGyqXhtFHJZG33,11.1,1.4999999999999998,348.8999999999999,14.5,0.9,11.1,6.8999999999999995,4,Yoshinori Muto,FWD,Newcastle
shjX3GRwS3vCtXAvE,21.7,2.0999999999999996,1403.5,15.3,3.9,21.7,18.900000000000002,4,Robert Snodgrass,MID,West Ham
abrAEwwDWZmZt6kiS,18.299999999999997,0.9,1579.5,18.7,1.2,18.299999999999997,62.00526315789474,4,Joe Hart,GKP,Burnley
N78TMi7mdx2ag8jtL,1.4999999999999998,1.4999999999999998,77.69999999999999,24.099999999999998,0.9,1.4999999999999998,4.5,4,Ben Gibson,DEF,Burnley
Ffe3PWPXXsi9RwYbr,12.299999999999999,1.4999999999999998,480.29999999999995,13.299999999999999,0.9,12.299999999999999,9.9,4,Rachid Ghezzal,MID,Leicester
x5FFiTZezHJBjvjjT,19.900000000000002,2.0999999999999996,1633.5,5.699999999999999,2.0999999999999996,19.900000000000002,25.3,4,Jefferson Lerma,MID,Bournemouth
u93XahcndhxCDqjyb,8.7,1.4999999999999998,226.49999999999997,16.9,1.4999999999999998,8.7,6.900000000000001,4,Matej Vydra,FWD,Burnley
YBYRAv4Ln6E55zN5C,23.5,0.9,2074.5,2.099999999999999,0.9,23.5,81.6,4,Kepa Arrizabalaga,GKP,Chelsea
MGLQa38sFD9v7fAK2,18.299999999999997,1.4999999999999998,570.9,7.3,1.4999999999999998,18.299999999999997,12.899999999999999,4,Adama Traoré,MID,Wolves
GuqptibY7X4JgEYkD,16.9,0.9,1430.1000000000001,8.700000000000001,1.4999999999999998,16.9,22.5,4,Martín Montoya,DEF,Brighton
j6wqftPwjGmcLek9z,9.7,1.4999999999999998,665.1,15.899999999999999,0.9,9.7,14.099999999999998,4,Yerry Mina,DEF,Everton
Xq5yZNojiargAkXuq,22.299999999999997,1.4999999999999998,1395.2999999999997,3.300000000000001,3.3,22.299999999999997,23.100000000000005,4,Bernard Anício Caldeira Duarte,MID,Everton
aiS8ZXg3bFspTei9Y,18.1,1.4999999999999998,1271.7,7.499999999999999,2.0999999999999996,18.1,18.299999999999997,4,André Filipe Tavares Gomes,MID,Everton
HmT2QAuexM44g9TGS,5.5,0.9,353.09999999999997,20.099999999999998,0.9,5.5,8.7,4,Caglar Söyüncü,DEF,Leicester
qDsnatSjAfxQkjFmq,21.6,1.2,1732.5,15.4,2.4,21.6,21.086842105263162,4,Federico Fernández,DEF,Newcastle
N5E3yBQcnxNxGMzjQ,5.699999999999999,1.4999999999999998,240.89999999999998,31.299999999999997,0.9,5.699999999999999,6.8999999999999995,4,Domingos Quina,MID,Watford
kd5T5scjW998aQJ98,5.1,0.9,184.5,20.5,0.9,5.1,3.9,4,Carlos Sánchez,MID,West Ham
2EMbFEMoXCAhC35qC,13.299999999999999,2.0999999999999996,1009.4999999999999,12.299999999999999,0.9,13.299999999999999,16.499999999999996,4,Leander Dendoncker,MID,Wolves
smqmvEvoNGQxzQcXY,1.8,0.9,121.5,35.2,0.9,1.8,45.80526315789473,4,Lee Grant,GKP,Man United
heLGmd3dvud3wQ8tR,1.4999999999999998,0.9,41.70000000000001,24.099999999999998,0.9,1.4999999999999998,1.4999999999999998,4,Luke Amos,MID,Tottenham
oTzWaXDtLQy6g8Ktg,19.900000000000002,1.4999999999999998,675.2999999999998,5.699999999999999,1.4999999999999998,19.900000000000002,15.3,4,Isaac Success Ajayi,FWD,Watford
aXCNx2LEK5QZ9mC2a,0.9,0.9,40.5,24.699999999999996,0.9,0.9,4.5,4,Kortney Hause,DEF,Aston Villa
D3yiw7MsZubW7zFey,19.5,0.9,1291.5,16.9,1.4999999999999998,19.5,21.299999999999997,4,Nampalys Mendy,MID,Leicester
Xdn3tfedLAevfdcaC,7.3,1.4999999999999998,518.0999999999999,17.1,1.4999999999999998,7.3,6.3,4,Sean Longstaff,MID,Newcastle
tRNmdpCvyYBWqFgSv,14.800000000000002,2.7,1077.8,20.4,3.3,14.800000000000002,17.376315789473683,4,Dwight McNeil,MID,Burnley
4hqX6mHwYvdQ3AEj7,3.0,0.9,229.5,32.2,0.9,3.0,47.95263157894737,4,Paulo Gazzaniga,GKP,Tottenham
a7kWGTS2rcqLBM8oc,11.1,0.9,400.5,22.299999999999997,1.4999999999999998,11.1,9.9,4,Grady Diangana,MID,West Ham
W2pZ2XyBcrECkToAw,6.699999999999999,0.9,169.89999999999998,14.7,0.9,6.699999999999999,7.8999999999999995,4,Oliver Skipp,MID,Tottenham
QfpvP9E3Qau8kqdWa,9.4,3.7,334.59999999999997,22.799999999999997,2.5,9.4,11.33157894736842,4,Divock Origi,FWD,Liverpool
jg2BwTCjf8E4LiRJ9,8.1,1.4999999999999998,573.3000000000001,22.899999999999995,0.9,8.1,17.7,4,Juan Foyth,DEF,Tottenham
oYEJ9PG7LWzMA44se,5.8,1.4999999999999998,147.3,25.2,1.4999999999999998,5.8,3.5842105263157897,4,Michael Obafemi,FWD,Southampton
Xq8ik8dDLHXFtrys6,4.8,1.4999999999999998,83.39999999999999,25.6,0.9,4.8,4.192105263157895,4,Edward Nketiah,FWD,Arsenal
hyGNcKTemiNezFHPT,0.9,0.9,40.5,17.499999999999996,0.9,0.9,45.0,4,Frederick Woodman,GKP,Newcastle
HHns3MtmKdhud3cKo,15.7,2.0999999999999996,1155.8999999999999,2.099999999999999,1.4999999999999998,15.7,21.899999999999995,4,Yan Valery,DEF,Southampton
uoNip8nE4SSQdFAPa,1.4999999999999998,0.9,41.099999999999994,27.1,0.9,1.4999999999999998,1.4999999999999998,4,Rafael Camacho,MID,Liverpool
b3fiSxAmQEmiKaBqN,1.4999999999999998,0.9,50.699999999999996,14.5,0.9,1.4999999999999998,0.9,4,Alexandre Nascimento Costa Silva,FWD,West Ham
Lo9WrQTwXxDm6ZbGM,1.4999999999999998,0.9,41.099999999999994,14.5,0.9,1.4999999999999998,1.4999999999999998,4,Tyreke Johnson,MID,Southampton
FQh6EKfTPNpua5ASE,1.4999999999999998,0.9,94.5,13.900000000000002,0.9,1.4999999999999998,5.100000000000001,4,Kayne Ramsay,DEF,Southampton
KNHYYR8b34Mc6tY99,2.0999999999999996,0.9,55.49999999999999,12.7,0.9,2.0999999999999996,1.4999999999999998,4,Angel Gomes,MID,Man United
rBSczpHad4GRd9Wd8,1.4999999999999998,0.9,41.099999999999994,13.299999999999999,0.9,1.4999999999999998,5.100000000000001,4,Max Kilman,DEF,Wolves
TcpzDcmAMC7LgR8Kx,2.7,0.9,106.49999999999999,10.9,0.9,2.7,2.7,4,Callum Slattery,MID,Southampton
rK6Q3Xbxq4qZ2qK3F,12.399999999999999,1.4999999999999998,672.4999999999999,12.0,2.7,12.399999999999999,12.907894736842104,4,Harvey Barnes,MID,Leicester
azxBy6uv4hfGWfD4Q,3.3,0.9,59.699999999999996,9.7,0.9,3.3,3.3,4,Sam Gallagher,FWD,Southampton
8dsiBPCxKuAMZkpnw,9.7,1.9,639.3,2.1000000000000005,1.4999999999999998,9.7,12.900000000000002,4,Chris Mepham,DEF,Bournemouth
anTCcuHKrzsB2gnbs,2.7,0.9,139.5,20.5,0.9,2.7,8.7,4,Carl Jenkinson,DEF,Arsenal
aTe6PYfrNWtKpnSMD,7.8999999999999995,0.9,585.3,3.2999999999999994,2.0999999999999996,7.8999999999999995,8.1,4,Miguel Almirón,MID,Newcastle
2s79bm6d4iQSEpEnW,2.0999999999999996,0.9,47.10000000000001,8.5,0.9,2.0999999999999996,2.0999999999999996,4,Sam Surridge,FWD,Bournemouth
wEH6efeRfvn2Lgd9F,1.4999999999999998,0.9,41.099999999999994,7.8999999999999995,0.9,1.4999999999999998,1.4999999999999998,4,James Garner,MID,Man United
STwPE3vE3f5i4pTbF,2.0999999999999996,0.9,62.699999999999996,7.3,0.9,2.0999999999999996,2.0999999999999996,4,Tahith Chong,MID,Man United
5tfALL9xwgGM8Lb42,1.4999999999999998,0.9,77.69999999999999,19.299999999999997,0.9,1.4999999999999998,4.5,4,Ben Johnson,DEF,West Ham
aTDL5qDHW5oTzq7NT,3.7,0.9,113.5,4.5,0.9,3.7,2.5,4,Mason Greenwood,FWD,Man United
X3qgzwYDfm4mFCHQp,2.0999999999999996,0.9,148.5,1.9,0.9,2.0999999999999996,47.39999999999999,4,Mark Travers,GKP,Bournemouth
mKkGdyQRNLa3kH4bB,3.0,0.9,62.40000000000001,14.199999999999998,0.9,3.0,2.6526315789473682,4,Vincent Janssen,FWD,Tottenham
zHP6RbuusaMAE5uFR,1.4999999999999998,0.9,41.099999999999994,1.9,0.9,1.4999999999999998,1.4999999999999998,4,Luke Dreher,MID,Crystal Palace
DJRgXFkQoaYDjhJq8,1.9,0.9,130.5,0.9,0.9,1.9,5.5,4,Ahmed El Mohamady,DEF,Aston Villa
BpfuqH8mRREvbiYm5,0.9,0.9,40.5,1.9,0.9,0.9,4.5,4,James Chester,DEF,Aston Villa
t3WFFedLQrMmx2EoM,1.9,0.9,130.5,0.9,0.9,1.9,5.5,4,Neil Taylor,DEF,Aston Villa
JBTodBN8wn8cJbNLn,1.9,0.9,56.5,0.9,0.9,1.9,1.9,4,Jonathan Kodjia,FWD,Aston Villa
FFn8BmEwShes4mf6E,0.9,0.9,40.5,1.9,0.9,0.9,45.0,4,Ørjan Nyland,GKP,Aston Villa
34L22XtJnQaCRaSMs,1.9,0.9,121.5,0.9,0.9,1.9,1.9,4,Conor Hourihane,MID,Aston Villa
MfutKQr96Lgxwk65W,1.9,0.9,130.5,0.9,0.9,1.9,1.9,4,Jack Grealish,MID,Aston Villa
6H5jWh9v9wRd24qk8,1.9,0.9,130.5,0.9,0.9,1.9,1.9,4,Anwar El Ghazi,MID,Aston Villa
LywCABWjhmoeX9Hg5,1.9,1.9,130.5,0.9,0.9,1.9,0.9,4,John McGinn,MID,Aston Villa
8e9kSvminySRjJHaT,0.9,0.9,40.5,1.9,0.9,0.9,0.9,4,Andre Green,MID,Aston Villa
orDh5raeXaErxEEYQ,0.9,0.9,40.5,1.9,0.9,0.9,0.9,4,Birkir Bjarnason,MID,Aston Villa
oNWfs6umsx39uynRz,0.9,0.9,40.5,1.9,0.9,0.9,0.9,4,Keinan Davis,MID,Aston Villa
yrbuoMxg8pBYcwaPf,0.9,0.9,40.5,1.9,0.9,0.9,0.9,4,Henri Lansbury,MID,Aston Villa
LBNLq2N9Cq3cJmxk5,1.9,0.9,71.5,0.9,0.9,1.9,1.9,4,José Ignacio Peleteiro Romallo,MID,Aston Villa
CY4sBJdTNEApDWWhA,0.9,0.9,40.5,1.9,0.9,0.9,4.5,4,Lloyd Kelly,DEF,Bournemouth
WJKvM7eQkayyfTzF3,0.9,0.9,40.5,1.9,0.9,0.9,4.5,4,Matthew Clarke,DEF,Brighton
JDBPigyAYqaLMoCfx,0.9,0.9,40.5,1.9,0.9,0.9,0.9,4,Leandro Trossard,MID,Brighton
N9xszfTjwAbS9QrFJ,1.9,1.9,56.5,0.9,0.9,1.9,0.9,4,Daniel James,MID,Man United
qAwavMi9ErFPwpdhD,0.9,0.9,40.5,1.9,0.9,0.9,4.5,4,Timm Klose,DEF,Norwich
an936ZBSTqKTPZjQE,1.9,0.9,130.5,0.9,0.9,1.9,5.5,4,Ben Godfrey,DEF,Norwich
8kLQMrxxxszCDaskd,1.9,0.9,130.5,0.9,0.9,1.9,5.5,4,Maximillian Aarons,DEF,Norwich
j6TN755mNQJQnb5jT,0.9,0.9,40.5,1.9,0.9,0.9,4.5,4,Christoph Zimmermann,DEF,Norwich
iYsWZXKs5YriXhhs8,1.9,0.9,130.5,0.9,0.9,1.9,5.5,4,Jamal Lewis,DEF,Norwich
Qp3NFjG74cwJ5Wg9k,1.9,0.9,130.5,12.299999999999999,0.9,1.9,5.5,4,Grant Hanley,DEF,Norwich
DoTRd4D3Qb3igm3Xe,1.9,1.9,122.5,0.9,0.9,1.9,0.9,4,Teemu Pukki,FWD,Norwich
GuMQfM3yHeAWhoqad,0.9,0.9,40.5,1.9,0.9,0.9,0.9,4,Dennis Srbeny,FWD,Norwich
PrvvhTYDANpyJgomM,1.9,0.9,130.5,12.299999999999999,0.9,1.9,46.0,4,Tim Krul,GKP,Norwich
xFBXPrwyGszvRGXiE,0.9,0.9,40.5,1.9,0.9,0.9,45.0,4,Michael McGovern,GKP,Norwich
rEv2DmpvmAKnvAFtP,0.9,0.9,40.5,1.9,0.9,0.9,0.9,4,Mario Vrancic,MID,Norwich
NG8KfdQg8Z7X36DHb,1.9,0.9,130.5,0.9,1.9,1.9,0.9,4,Emiliano Buendía,MID,Norwich
xgPJRHTksg2hAyEiq,1.9,0.9,60.5,0.9,0.9,1.9,1.9,4,Onel Hernández,MID,Norwich
E62tEBgkPgW3ZRbwK,1.9,0.9,97.5,0.9,0.9,1.9,1.9,4,Marco Stiepermann,MID,Norwich
qGdNbvedLCZAiW6LF,1.9,0.9,130.5,0.9,0.9,1.9,1.9,4,Kenny McLean,MID,Norwich
QJB5B42Mx3tN4TvNv,1.9,0.9,130.5,0.9,0.9,1.9,1.9,4,Todd Cantwell,MID,Norwich
86XTKiFQoNXnRipWR,1.9,0.9,72.5,0.9,0.9,1.9,1.9,4,Moritz Leitner,MID,Norwich
arjxcbmwkyiveKSoB,0.9,0.9,40.5,1.9,0.9,0.9,0.9,4,Alexander Tettey,MID,Norwich
deWdh9DE26fzg8szu,1.9,0.9,109.5,0.9,0.9,1.9,1.9,4,Tom Trybull,MID,Norwich
FoocE9LdvNvK5yu5h,1.9,0.9,130.5,0.9,0.9,1.9,5.5,4,Enda Stevens,DEF,Sheffield United
ysRsvq8WXhAQffmKc,0.9,0.9,40.5,1.9,0.9,0.9,4.5,4,Kieron Freeman,DEF,Sheffield United
E9xZiFKcvWqA77RGK,1.9,0.9,130.5,0.9,0.9,1.9,5.5,4,Jack O'Connell,DEF,Sheffield United
q4GL8SqKTZZWHsfiX,1.9,0.9,130.5,0.9,0.9,1.9,5.5,4,George Baldock,DEF,Sheffield United
sJukwvqQ68LTWSvwN,1.9,0.9,130.5,0.9,0.9,1.9,5.5,4,John Egan,DEF,Sheffield United
4dK9GmswbehFcKzAk,0.9,0.9,40.5,1.9,0.9,0.9,4.5,4,Richard Stearman,DEF,Sheffield United
spwjndD63KNJvE7h7,1.9,0.9,117.5,0.9,0.9,1.9,5.5,4,John Lundstram,DEF,Sheffield United
TShkKSWTe2Fa5R37p,1.9,1.9,48.5,0.9,0.9,1.9,0.9,4,Billy Sharp,FWD,Sheffield United
wtjPFHW644zcjAMKQ,0.9,0.9,40.5,1.9,0.9,0.9,45.0,4,Jake Eastwood,GKP,Sheffield United
dSecNTJxhuFTdk7r9,0.9,0.9,40.5,1.9,0.9,0.9,0.9,4,Mark Duffy,MID,Sheffield United
JYkiD2YxctzpJMJut,1.9,0.9,130.5,0.9,0.9,1.9,1.9,4,John Fleck,MID,Sheffield United
2wjzLuL2QRDpXg7sC,1.9,0.9,130.5,12.299999999999999,0.9,1.9,1.9,4,Oliver Norwood,MID,Sheffield United
uDFCk3bxS7RLnqsug,1.9,0.9,102.5,0.9,0.9,1.9,1.9,4,David McGoldrick,FWD,Sheffield United
Gcm6E4sgEW6iaH3gH,1.9,0.9,121.5,0.9,0.9,1.9,5.5,4,Chris Basham,DEF,Sheffield United
qSYgh4wcoSkE3wqYc,1.9,0.9,85.5,0.9,0.9,1.9,0.9,4,Pablo Fornals,MID,West Ham
DSrfoSGaTFXshuFq4,0.9,0.9,40.5,1.9,0.9,0.9,45.0,4,Emiliano Martínez,GKP,Arsenal
nWhcwZLov3rTc2zX4,1.9,0.9,113.5,0.9,0.9,1.9,1.9,4,Wesley Moraes,FWD,Aston Villa
r3tHvTGcdE33c7K39,0.9,0.9,40.5,1.9,0.9,0.9,45.0,4,Jed Steer,GKP,Aston Villa
LyHFrTY92e3eBxztx,10.9,0.9,618.3,3.2999999999999994,2.0999999999999996,10.9,8.989473684210527,4,Aaron Lennon,MID,Burnley
orzoKMAt8YBdzvkst,1.9,0.9,72.5,0.9,0.9,1.9,0.9,4,Christian Pulisic,MID,Chelsea
78jLFPs5scRRPm77W,1.9,0.9,130.5,0.9,0.9,1.9,0.9,4,Mateo Kovacic,MID,Chelsea
svFnWipMfMDKKSzeQ,0.9,0.9,40.5,1.9,0.9,0.9,4.5,4,James Justin,DEF,Leicester
iYyrYKC5KmzqrHbhx,1.9,0.9,47.5,0.9,0.9,1.9,1.9,4,Josip Drmic,FWD,Norwich
xPqbhaW5wAPbTRDzF,0.9,0.9,40.5,1.9,0.9,0.9,0.9,4,Patrick Roberts,MID,Norwich
3W3EsExSiLZ7BrXYW,0.9,0.9,40.5,1.9,0.9,0.9,45.0,4,Simon Moore,GKP,Sheffield United
PvdJYKz5wdhTrMKWp,1.9,0.9,112.5,0.9,0.9,1.9,0.9,4,Che Adams,FWD,Southampton
Gn9sukLcmidF7JiMH,0.9,0.9,40.5,1.9,0.9,0.9,0.9,4,Moussa Djenepo,MID,Southampton
59cQCqE4vwBEhf3Xo,10.6,1.4999999999999998,883.4999999999999,3.6,1.2,10.6,11.155263157894739,4,Craig Dawson,DEF,Watford
sCXHhu5ha29sZNPZ7,0.9,0.9,40.5,1.9,0.9,0.9,4.5,4,José Ángel Esmorís Tasende,DEF,Man City
5wgTi7kzioiJYhvig,1.9,0.9,52.5,0.9,0.9,1.9,1.9,4,Luke Freeman,MID,Sheffield United
2gPeZtZPinrKbZhg2,1.9,1.9,130.5,0.9,0.9,1.9,2.9,4,Tanguy Ndombele,MID,Tottenham
A3ZKrakeXuRytRHzt,1.9,0.9,130.5,0.9,0.9,1.9,5.9,4,Rodrigo Hernandez,MID,Man City
PkfAcqqfoQhKzM6Ry,8.399999999999999,0.9,659.3999999999999,5.800000000000001,0.9,8.399999999999999,12.789473684210526,4,Phil Jagielka,DEF,Sheffield United
htsCeDcnrknhz4jJY,2.8,0.9,190.8,11.399999999999999,1.9,2.8,5.565789473684211,4,Tyrone Mings,DEF,Aston Villa
H2ZCGM9Ry58inNju6,0.9,0.9,40.5,1.9,0.9,0.9,4.5,4,Jack Stacey,DEF,Bournemouth
NeWJzFJjxjxnudLmg,11.2,0.9,945.5999999999999,3.0000000000000004,3.2,11.2,13.521052631578945,4,Erik Pieters,DEF,Burnley
XFFa4mfLEGsZFnL67,1.9,0.9,130.5,0.9,0.9,1.9,0.9,4,Youri Tielemans,MID,Leicester
jphKruMX4MD7h5cjR,0.9,0.9,40.5,1.9,0.9,0.9,45.0,4,Ralf Fahrmann,GKP,Norwich
Le2Ppd2NMHMA44ZJb,0.9,0.9,40.5,1.9,0.9,0.9,45.0,4,Roberto Jimenez Gago,GKP,West Ham
rbAoKp4RtpbDvK37h,13.299999999999999,3.0,888.5999999999999,0.9,1.2,13.299999999999999,9.4,4,Jay Rodriguez,FWD,Burnley
dowi8rRXqgxjMYsu8,0.9,0.9,40.5,1.9,0.9,0.9,4.5,4,Ezri Konsa Ngoyo,DEF,Aston Villa
cXKN8uwmuYG2A9oCL,1.9,0.9,130.5,0.9,0.9,1.9,1.9,4,Callum Robinson,MID,Sheffield United
rKrpMDxc8DDbEE3aS,2.4,0.9,114.3,11.8,0.9,2.4,6.276315789473684,4,Sam Byram,DEF,Norwich
uMcy8nCS9ChXwyoir,1.9,0.9,130.5,0.9,0.9,1.9,5.5,4,Bjorn Engels,DEF,Aston Villa
6Gs9TddvTB5mi3g87,0.9,0.9,40.5,1.9,0.9,0.9,0.9,4,Ravel Morrison,MID,Sheffield United
Jg8LsDma5Y4BbphH7,1.9,0.9,130.5,0.9,0.9,1.9,0.9,4,Sébastien Haller,FWD,West Ham
a4yyRG6jLAQ6G28w2,0.9,0.9,40.5,1.9,0.9,0.9,4.5,4,Frédéric Guilbert,DEF,Aston Villa
YHS354JXvHFTnn4Yz,12.1,1.2,996.5999999999999,2.1000000000000005,0.9,12.1,13.326315789473684,4,Kurt Zouma,DEF,Chelsea
ttfz4CZ6msfcirTwZ,11.2,2.4,620.0,3.0000000000000004,1.8,11.2,6.086842105263158,4,Tammy Abraham,FWD,Chelsea
9F3N4MepvMEdLXWei,4.5,1.4999999999999998,145.8,9.7,1.2,4.5,6.063157894736841,4,Michy Batshuayi,FWD,Chelsea
yT4EqGSCA6B8GJ9Lk,5.1,1.4999999999999998,347.40000000000003,9.1,1.4999999999999998,5.1,4.010526315789474,4,Robert Kenedy Nunes do Nascimento,MID,Chelsea
C7DMopxBDgdGkFWCa,1.9,0.9,130.5,0.9,0.9,1.9,0.9,4,Mason Mount,MID,Chelsea
GqZHNw7qJeEqKAGEq,0.9,0.9,40.5,1.9,0.9,0.9,0.9,4,Rhian Brewster,FWD,Liverpool
bR23Bfjcz8zui9WWr,1.9,0.9,98.5,0.9,0.9,1.9,1.9,4,Mahmoud Ahmed Ibrahim Hassan,MID,Aston Villa
DLSPyBBQdju5Zpvhz,1.9,0.9,130.5,0.9,0.9,1.9,0.9,4,Joelinton Cássio Apolinário de Lira,FWD,Newcastle
3FX8bvf2K6wqgmJ5e,5.8,0.9,389.7,8.399999999999999,0.9,5.8,11.965789473684211,4,Calum Chambers,DEF,Arsenal
XZkyihgs44NAtPDQg,12.700000000000001,3.0,959.5,1.4999999999999996,1.4999999999999998,12.700000000000001,7.010526315789474,4,Jordan Ayew,FWD,Crystal Palace
226XCNYgy35XHo8Ng,1.9,0.9,66.5,0.9,0.9,1.9,1.9,4,Daniel Ceballos Fernández,MID,Arsenal
GY9Re32YWQM5TfFSd,1.9,0.9,48.5,0.9,0.9,1.9,1.9,4,Douglas Luiz Soares de Paulo,MID,Aston Villa
LEz4Nqry3pZzALCnn,1.9,0.9,130.5,0.9,0.9,1.9,46.0,4,Dean Henderson,GKP,Sheffield United
79jSvWBM2stbxZfpR,0.9,0.9,40.5,1.9,0.9,0.9,0.9,4,Ben Osborn,MID,Sheffield United
H6wYktTs95TD8e6HY,0.9,0.9,40.5,1.9,0.9,0.9,4.5,4,Jesús Vallejo Lázaro,DEF,Wolves
TA3Gw3ATRRy2AvdEX,0.9,0.9,40.5,1.9,0.9,0.9,45.0,4,Lovre Kalinic,GKP,Aston Villa
YmZTzLwJjphTWs4AX,6.699999999999999,0.9,357.0,7.499999999999999,0.9,6.699999999999999,5.057894736842106,4,Philip Billing,MID,Bournemouth
Dhu6ECFvhPtJkmjjp,1.9,0.9,130.5,0.9,0.9,1.9,7.5,4,Dan Burn,DEF,Brighton
Xn2DJQDW7gy2fRRJr,0.9,0.9,40.5,1.9,0.9,0.9,4.5,4,Lewis Gibson,DEF,Everton
MNCMqYuR5QNunN6hE,5.4,0.9,395.3999999999999,8.8,0.9,5.4,9.473684210526315,4,Mason Holgate,DEF,Everton
8KkA5KNqgBiE8zPMw,12.299999999999999,0.9,1066.5,1.9,1.2,12.299999999999999,52.2,4,Jonas Lössl,GKP,Everton
k4dmuTY8bcxR9XHpK,7.8,1.8,414.5999999999999,6.4,1.2,7.8,5.328947368421052,4,Andy King,MID,Leicester
nMjyLEtAaQeR9wwFA,1.2,0.9,40.80000000000001,13.0,0.9,1.2,5.076315789473684,4,Axel Tuanzebe,DEF,Man United
x4WFG3eCqfsvS5cAW,0.9,0.9,40.5,13.299999999999999,0.9,0.9,0.9,4,Jack Colback,MID,Newcastle
8oJ4TedBDbqTief6P,8.7,1.2,381.6,5.5,1.4999999999999998,8.7,8.005263157894738,4,Jacob Murphy,MID,Newcastle
GTAj7GnsRs2bPbrtJ,0.9,0.9,40.5,1.9,0.9,0.9,4.5,4,Philip Heise,DEF,Norwich
YwvmDhu3653D4NmS8,9.6,0.9,796.5,4.6,1.4999999999999998,9.6,12.142105263157895,4,Wesley Hoedt,DEF,Southampton
Me874CMWkiYesSpF2,10.499999999999998,0.9,878.6999999999999,3.7,1.8,10.499999999999998,12.69473684210526,4,Cédric Soares,DEF,Southampton
4TWbTBzuAPuMhESf8,1.9,0.9,54.5,0.9,0.9,1.9,0.9,4,Patrick Cutrone,FWD,Wolves
wJQoSbYEahkteCEXb,1.9,0.9,59.5,0.9,0.9,1.9,1.9,4,Nicolas Pépé,MID,Arsenal
ivA4rMbLGpFgMNqo9,2.8,0.9,153.7,11.399999999999999,0.9,2.8,3.392105263157895,4,Reiss Nelson,MID,Arsenal
osxQ3sGrD7gAg5c4u,2.5,0.9,127.8,11.700000000000001,0.9,2.5,2.894736842105263,4,Joseph Willock,MID,Arsenal
H2qXdy5Gc5cKsumxz,0.9,0.9,40.5,1.9,0.9,0.9,0.9,4,Marvelous Nakamba,MID,Aston Villa
engNWNaxpaJ7RSogy,0.9,0.9,40.5,1.9,0.9,0.9,0.9,4,Arnaut Danjuma Groeneveld,MID,Bournemouth
X8Hi9GgeLXKb3u5vb,1.9,0.9,130.5,12.299999999999999,0.9,1.9,46.0,4,Aaron Ramsdale,GKP,Bournemouth
G8ps2KxWLPZaZhCXy,0.9,0.9,40.5,1.9,0.9,0.9,4.5,4,Adam Webster,DEF,Brighton
BuA6eFbbEKKrZ9WcE,0.9,0.9,40.5,1.9,0.9,0.9,45.0,4,Bailey Peacock-Farrell,GKP,Burnley
3rvD9roBDM8nootWR,1.9,0.9,61.5,0.9,0.9,1.9,0.9,4,Moise Kean,FWD,Everton
vpQx3Z4ziTNp78Gbf,1.9,0.9,85.5,0.9,0.9,1.9,0.9,4,Jean-Philippe Gbamin,MID,Everton
aqK4P32pzb8ByzYDP,1.9,0.9,76.5,0.9,0.9,1.9,4.5,4,Jetro Willems,DEF,Newcastle
mLwpDFMigsRNo9sPw,2.0999999999999996,0.9,81.29999999999998,12.1,0.9,2.0999999999999996,2.131578947368421,4,Rolando Aarons,MID,Newcastle
tkeDEA9HFaheWSQSB,1.9,0.9,63.5,0.9,0.9,1.9,0.9,4,Allan Saint-Maximin,MID,Newcastle
Qf4DnCKsx5dpQRsof,5.199999999999999,0.9,147.60000000000002,9.0,1.2,5.199999999999999,4.292105263157895,4,Oliver McBurnie,FWD,Sheffield United
NBFvJBatKZPswZERy,1.9,1.9,66.5,0.9,0.9,1.9,0.9,4,Neal Maupay,FWD,Brighton
QCj5DjbhBwuGQMi28,9.299999999999999,0.9,665.1,4.9,0.9,9.299999999999999,18.647368421052633,4,Gary Cahill,DEF,Crystal Palace
wp44iMnkSp9CzurP7,1.9,0.9,46.5,0.9,0.9,1.9,1.9,4,Gabriel Teodoro Martinelli Silva,FWD,Arsenal
NP8qtmYzxRaKvsrTp,0.9,0.9,40.5,1.9,0.9,0.9,0.9,4,Harry Wilson,MID,Bournemouth
oPhG96nQKYFjcZ3ci,0.9,0.9,40.5,1.9,0.9,0.9,4.5,4,Reece James,DEF,Chelsea
oAxjP2vzbDB4zBXp6,0.9,0.9,40.5,1.9,0.9,0.9,0.9,4,Ibrahim Amadou,MID,Norwich
NFKz29bTM2PdNjFH7,10.0,1.4999999999999998,419.3,4.199999999999999,1.4999999999999998,10.0,7.3736842105263145,4,Sofiane Boufal,MID,Southampton
uLF4SQJ3p4QpFc5vs,0.9,0.9,40.5,1.9,0.9,0.9,0.9,4,Troy Parrott,FWD,Tottenham
CQeWfZRvHihN4AjZg,0.9,0.9,40.5,1.9,0.9,0.9,0.9,4,Víctor Camarasa,MID,Crystal Palace
YciiHMvYAZhdr5hbt,0.9,0.9,40.5,1.9,0.9,0.9,4.5,4,Djibril Sidibé,DEF,Everton
zg8kcQTB2P42TbyCR,9.299999999999999,2.4,393.8999999999999,4.9,1.4999999999999998,9.299999999999999,12.726315789473684,4,Danny Welbeck,FWD,Watford
HsznFBY8Sg2B5enFf,0.9,0.9,40.5,1.9,0.9,0.9,45.0,4,Heurelho da Silva Gomes,GKP,Watford
ntszPbpNvNTYXgxS3,0.9,0.9,40.5,1.9,0.9,0.9,0.9,4,Albian Ajeti,FWD,West Ham
yqEaJuu7Y783BH2tp,0.9,0.9,40.5,1.9,0.9,0.9,4.5,4,Kieran Tierney,DEF,Arsenal
RXXw3emrAyExiKGaq,12.0,2.0999999999999996,960.3000000000001,2.2000000000000006,1.8,12.0,6.102631578947369,4,Aaron Mooy,MID,Brighton
QhySMdPHqcoCF7rFi,0.9,0.9,40.5,1.9,0.9,0.9,0.9,4,Dennis Praet,MID,Leicester
EMnzic9WNBjX9Wq9S,0.9,0.9,40.5,1.9,0.9,0.9,4.5,4,João Pedro Cavaco Cancelo,DEF,Man City
NZ7cYWMKBPjDThMhs,0.9,0.9,40.5,1.9,0.9,0.9,4.5,4,Emil Krafth,DEF,Newcastle
bYZgwLbgERzuFWSZ2,5.699999999999999,1.8,263.09999999999997,8.5,1.2,5.699999999999999,5.3842105263157904,4,Andy Carroll,FWD,Newcastle
aCQqdL3uj9DZaDJjT,0.9,0.9,40.5,1.9,0.9,0.9,45.0,4,Michael Verrips,GKP,Sheffield United
4E5b6oRb2eNwJgA7e,0.9,0.9,40.5,1.9,0.9,0.9,0.9,4,Muhamed Bešić,MID,Sheffield United
St46RsbyGGQ75C6TJ,0.9,0.9,40.5,1.9,0.9,0.9,0.9,4,Giovani Lo Celso,MID,Tottenham
MvFRkQ5shknSxvZpk,0.9,0.9,40.5,1.9,0.9,0.9,0.9,4,Ryan Sessegnon,MID,Tottenham
GneaC2rXJFQ9dQCwk,0.9,0.9,40.5,1.9,0.9,0.9,0.9,4,Ismaïla Sarr,MID,Watford
grxjnNB84xgsYyb8j,7.599999999999999,0.9,604.5,6.599999999999999,0.9,7.599999999999999,54.75,4,Adrián San Miguel del Castillo,GKP,Liverpool
dXwqifWgyw2rDYmbz,4.9,0.9,109.39999999999999,9.299999999999999,0.9,4.9,4.663157894736843,4,Georges-Kévin Nkoudou,MID,Tottenham
SMTqeFTz7nGajQvNT,0.9,0.9,40.5,13.299999999999999,0.9,0.9,4.5,4,Fikayo Tomori,DEF,Chelsea
CFZEWCak2yCfSgCtQ,0.9,0.9,40.5,1.9,0.9,0.9,0.9,4,Pedro Lomba Neto,MID,Wolves
