,player,position,team,Expected Points 2019/2020,Std Points 2019/2020,Lower 95% Confidence Points 2019/2020,Upper 95% Confidence Points 2019/2020,Expected Goals 2019/2020,Expected Clean Sheets 2019/2020,Expected Minutes Played 2019/2020
1,Petr Cech,GKP,Arsenal,58.6335,13.173389000177593,32.28672199964481,84.98027800035518,0.3725,4.846,1441.984
3,Laurent Koscielny,DEF,Arsenal,82.131,18.34821078470595,45.4345784305881,118.82742156941191,2.8155,5.4195,1611.6335
6,Héctor Bellerín,DEF,Arsenal,97.8265,17.78725380012328,62.25199239975343,133.40100760024654,1.5215,6.556,1990.3725
7,Carl Jenkinson,DEF,Arsenal,6.1125,4.822846021800809,0.0,15.758192043601618,0.2795,0.014,148.9325
8,Nacho Monreal,DEF,Arsenal,101.2595,19.000214729049734,63.259070541900535,139.25992945809946,2.87,6.4495,1917.6445
9,Rob Holding,DEF,Arsenal,39.955,13.912331759989032,12.130336480021935,67.77966351997806,0.7585,2.775,809.1295
10,Shkodran Mustafi,DEF,Arsenal,110.041,17.689045169256616,74.66290966148676,145.41909033851323,2.8065,7.8165,2359.1475
11,Sead Kolasinac,DEF,Arsenal,98.7605,18.0469149648908,62.666670070218395,134.85432992978158,1.4125,6.518,1901.7105
12,Mesut Özil,MID,Arsenal,91.6885,16.916810212034658,57.85487957593069,125.52212042406933,4.413,6.293,1826.103
14,Aaron Ramsey,MID,Arsenal,69.633,14.987238271275997,39.658523457448,99.60747654255199,3.761,1.8865,1473.358
16,Alex Iwobi,MID,Arsenal,74.6125,12.633382118419489,49.34573576316102,99.87926423683898,2.58,3.1495,1846.407
17,Mohamed Elneny,MID,Arsenal,19.849,7.713313101385165,4.422373797229671,35.275626202770326,0.6785,0.7175,575.775
18,Granit Xhaka,MID,Arsenal,106.328,14.768324752658977,76.79135049468205,135.86464950531797,3.496,8.6145,2626.3005
19,Jack Wilshere,MID,West Ham,22.937,7.626796903025538,7.683406193948926,38.190593806051076,0.6525,0.3185,697.727
20,Danny Welbeck,FWD,Arsenal,23.813,7.3828199896787385,9.047360020642522,38.578639979357476,1.332,0.0005,549.827
21,Lucas Pérez,FWD,West Ham,14.6285,5.567269326159815,3.4939613476803704,25.76303865231963,0.862,0.0,328.777
22,Alexandre Lacazette,FWD,Arsenal,124.7735,17.82905487539931,89.11539024920137,160.43160975079863,10.319,7.298,2288.756
23,Henrikh Mkhitaryan,MID,Arsenal,78.7145,15.786797957470664,47.14090408505867,110.28809591494132,3.9715,4.067,1616.5505
24,Calum Chambers,DEF,Fulham,0.0,0.0,0.0,0.0,0.0,0.0,0.0
25,Reiss Nelson,MID,Arsenal,6.2855,6.044914370774827,0.0,18.375328741549655,0.4885,0.0295,104.403
26,Ainsley Maitland-Niles,MID,Arsenal,32.655,9.218458385218215,14.218083229563572,51.09191677043643,1.063,1.585,949.485
28,Edward Nketiah,FWD,Arsenal,6.895,3.844993498043932,0.0,14.584986996087864,0.3015,0.0,94.65
30,Konstantinos Mavropanos,DEF,Arsenal,7.96,5.698455931215077,0.0,19.356911862430152,0.3455,0.0715,205.956
31,Pierre-Emerick Aubameyang,FWD,Arsenal,127.8095,22.471987222985,82.86552555403,172.75347444597,14.645,7.038,2028.0405
32,Joseph Willock,MID,Arsenal,6.138,5.07631322910633,0.0,16.29062645821266,0.378,0.002,118.3585
34,Asmir Begovic,GKP,Bournemouth,85.503,12.012617991095862,61.477764017808276,109.52823598219172,0.4275,5.651,2470.082
35,Artur Boruc,GKP,Bournemouth,25.183,9.3771803331279,6.428639333744201,43.9373606662558,0.135,1.6325,682.2405
37,Simon Francis,DEF,Bournemouth,70.7525,13.863449922367835,43.02560015526433,98.47939984473567,0.7855,4.1395,1710.999
38,Steve Cook,DEF,Bournemouth,104.207,14.302417662758973,75.60216467448205,132.81183532551793,1.803,6.1305,2616.915
39,Charlie Daniels,DEF,Bournemouth,84.097,14.721874574931013,54.653250850137965,113.54074914986202,1.466,4.8515,2018.822
40,Adam Smith,DEF,Bournemouth,83.3735,15.089400178602194,53.19469964279562,113.55230035720439,1.4515,4.7325,1974.21
41,Tyrone Mings,DEF,Bournemouth,7.1865,4.651958485412355,0.0,16.49041697082471,0.2325,0.003,201.9635
43,Nathan Aké,DEF,Bournemouth,128.8985,16.19176326871165,96.5149734625767,161.28202653742332,3.39,7.0415,3129.4925
44,Harry Arter,MID,Cardiff,0.0,0.0,0.0,0.0,0.0,0.0,0.0
45,Marc Pugh,MID,Bournemouth,13.455,6.331901373205383,0.7911972535892335,26.118802746410765,0.6,0.098,398.319
46,Andrew Surman,MID,Bournemouth,57.5825,11.531660494048563,34.51917901190288,80.64582098809713,1.3765,3.793,1547.5735
47,Junior Stanislas,MID,Bournemouth,39.5495,9.959595862784797,19.63030827443041,59.4686917255696,1.9655,0.2895,1094.6345
48,Dan Gosling,MID,Bournemouth,65.89,11.726077775624711,42.43784444875058,89.34215555124942,2.033,3.935,1751.254
50,Jordon Ibe,MID,Bournemouth,38.702,8.684422606022805,21.33315478795439,56.07084521204561,1.2245,0.3875,1215.931
51,Lewis Cook,MID,Bournemouth,43.5485,9.46433556833231,24.61982886333538,62.477171136664616,0.786,2.742,1255.131
52,Ryan Fraser,MID,Bournemouth,124.123,17.617345742193965,88.88830851561207,159.35769148438794,5.573,6.214,2598.7445
53,Callum Wilson,FWD,Bournemouth,114.833,18.35799855648756,78.11700288702488,151.54899711297512,9.216,5.4045,2227.648
55,Lys Mousset,FWD,Bournemouth,26.027,4.6916170986132295,16.643765802773544,35.41023419722646,0.491,0.0,462.902
56,Joshua King,FWD,Bournemouth,111.292,14.528101596561068,82.23579680687786,140.34820319312215,8.455,6.408,2637.1175
57,Jermain Defoe,FWD,Bournemouth,17.757,6.392804627078796,4.97139074584241,30.542609254157593,0.94,0.0005,441.7015
59,Jack Simpson,DEF,Bournemouth,13.3825,7.582360697698276,0.0,28.54722139539655,0.368,0.535,316.165
60,Emerson Hyndman,MID,Bournemouth,4.608,4.54415404668456,0.0,13.696308093369119,0.2905,0.0195,95.7105
62,Matt Butcher,MID,Bournemouth,3.1555,4.227211817498621,0.0,11.609923634997243,0.231,0.015,52.171
63,Kyle Taylor,MID,Bournemouth,3.3765,4.377756017641918,0.0,12.132012035283836,0.253,0.0145,54.544
65,Mathew Ryan,GKP,Brighton,103.6825,11.848531290839372,79.98543741832125,127.37956258167875,0.3975,7.6485,2951.491
66,Lewis Dunk,DEF,Brighton,121.16,14.452522271216232,92.25495545756753,150.06504454243247,2.0295,7.9725,3028.691
67,Shane Duffy,DEF,Brighton,126.475,16.470439429474812,93.53412114105038,159.4158788589496,3.0935,7.7015,2946.4215
69,Bruno Saltor Grau,DEF,Brighton,59.4565,13.420995035763985,32.61450992847203,86.29849007152797,0.7,3.9245,1429.615
70,Gaëtan Bong,DEF,Brighton,73.7945,13.966397880269591,45.86170423946082,101.72729576053918,0.7815,5.082,1882.5115
73,Anthony Knockaert,MID,Brighton,77.473,12.357478343092488,52.75804331381502,102.18795668618498,2.2195,4.658,1972.2495
74,Dale Stephens,MID,Brighton,85.2015,10.087462403895234,65.02657519220952,105.37642480779047,1.5105,6.992,2611.4435
75,Beram Kayal,MID,Brighton,25.138,6.581561820723105,11.974876358553791,38.30112364144621,0.741,0.095,855.49
77,Solomon March,MID,Brighton,76.3165,10.30064695783716,55.715206084325686,96.91779391567432,1.3485,4.3965,2141.9525
81,Pascal Groß,MID,Brighton,95.9355,15.32391398272648,65.28767203454704,126.58332796545297,3.9475,6.1425,2173.209
82,Glenn Murray,FWD,Brighton,97.062,13.37786066604074,70.30627866791852,123.81772133208148,8.5875,5.127,2286.219
83,Tomer Hemed,FWD,Brighton,13.0645,6.458818758101218,0.14686248379756428,25.982137516202435,0.7765,0.183,349.565
84,Sam Baldock,FWD,Brighton,3.0725,3.104229976983009,0.0,9.280959953966018,0.176,0.0,63.343
86,Markus Suttner,DEF,Brighton,21.104,9.425507095111639,2.252985809776721,39.95501419022328,0.4325,1.2575,468.6995
88,Davy Pröpper,MID,Brighton,84.064,10.576195157049627,62.91160968590074,105.21639031409924,1.458,6.7715,2585.0205
89,José Heriberto Izquierdo Mena,MID,Brighton,44.7055,10.606920842072904,23.491658315854192,65.9193416841458,1.626,1.471,1215.018
90,Ezequiel Schelotto,DEF,Brighton,21.0015,9.062974001397109,2.8755519972057826,39.12744800279422,0.42,1.0495,514.151
92,Jayson Molumby,MID,Brighton,2.587,3.4833074799678583,0.0,9.553614959935716,0.1715,0.0145,51.546
93,Jürgen Locadia,FWD,Brighton,25.3065,6.656842926643206,11.992814146713588,38.620185853286415,1.141,0.085,843.3905
94,Tom Heaton,GKP,Burnley,42.789,11.65849385641216,19.47201228717568,66.10598771282432,0.238,3.306,1140.706
96,Matthew Lowton,DEF,Burnley,78.755,14.74292966136649,49.26914067726702,108.24085932273297,0.7975,5.62,1862.9145
97,Ben Mee,DEF,Burnley,113.822,13.66181964454218,86.49836071091565,141.14563928908436,0.952,8.3735,2900.213
98,Stephen Ward,DEF,Burnley,48.34,14.055653666763426,20.22869266647315,76.45130733352686,0.942,3.2385,1049.0845
99,James Tarkowski,DEF,Burnley,116.6335,16.272804851960817,84.08789029607837,149.17910970392163,2.275,7.8625,2759.375
100,Kevin Long,DEF,Burnley,39.197,13.745224297915254,11.706551404169495,66.68744859583052,0.8465,2.454,833.976
101,Charlie Taylor,DEF,Burnley,89.329,14.367698458695473,60.59360308260905,118.06439691739094,0.854,6.5015,2239.39
104,Johann Berg Gudmundsson,MID,Burnley,91.7745,13.66560096556313,64.44329806887374,119.10570193112626,2.5865,5.8985,2073.197
105,Steven Defour,MID,Burnley,38.0805,10.952945711086175,16.17460857782765,59.986391422172346,1.1705,3.043,1006.9145
106,Jeff Hendrick,MID,Burnley,76.464,11.087998196248053,54.288003607503896,98.6399963924961,2.102,5.4705,2074.528
107,Robbie Brady,MID,Burnley,32.505,8.874963380206143,14.755073239587716,50.25492676041229,0.859,1.245,928.9285
108,Ashley Westwood,MID,Burnley,84.4265,13.304044413260193,57.81841117347962,111.03458882652039,1.8165,6.459,2091.5835
109,Jonathan Walters,MID,Burnley,3.902,3.6558714419409792,0.0,11.21374288388196,0.212,0.0,65.799
110,Jack Cork,MID,Burnley,100.415,9.868625790858639,80.67774841828273,120.15225158171728,2.2475,8.8545,3102.127
111,Sam Vokes,FWD,Burnley,32.8245,7.366864987903603,18.090770024192793,47.55822997580721,1.7665,0.0065,929.128
112,Ashley Barnes,FWD,Burnley,91.149,13.415207750907193,64.31858449818561,117.97941550181439,7.469,4.7915,2201.0925
113,Aaron Lennon,MID,Burnley,55.727,11.126700813808194,33.473598372383606,77.98040162761639,1.2535,4.1725,1443.4865
114,Nahki Wells,FWD,Burnley,5.295,3.129852232933716,0.0,11.554704465867431,0.148,0.0,68.4335
115,Phil Bardsley,DEF,Burnley,59.0305,14.13656852811178,30.757362943776442,87.30363705622356,0.7485,4.257,1410.903
116,Georges-Kévin Nkoudou,MID,Tottenham,8.7315,5.014619402307626,0.0,18.76073880461525,0.3605,0.0,133.668
117,Nick Pope,GKP,Burnley,42.385,11.582002201692063,19.22099559661587,65.54900440338412,0.206,3.269,1125.2625
118,Chris Wood,FWD,Burnley,90.804,13.634243066631903,63.535513866736196,118.07248613326381,7.0405,5.5985,2134.7375
120,Anders Lindegaard,GKP,Burnley,1.4405,1.7039541513784944,0.0,4.848408302756988,0.0145,0.0195,52.2145
123,Dwight McNeil,MID,Burnley,44.765,12.94703730588585,18.8709253882283,70.6590746117717,1.818,2.9695,977.144
124,Olivier Giroud,FWD,Chelsea,38.6605,7.363099873694486,23.934300252611028,53.386699747388974,1.6895,0.0,883.2545
125,Thibaut Courtois,GKP,Chelsea,49.3885,13.567187171628444,22.254125656743113,76.52287434325689,0.306,4.923,1130.473
127,Willy Caballero,GKP,Chelsea,11.8,7.3451344439703545,0.0,26.490268887940708,0.093,1.1355,249.168
128,César Azpilicueta,DEF,Chelsea,159.0705,17.48566640851874,124.09916718296253,194.0418328170375,2.2095,13.5195,3122.4565
129,Gary Cahill,DEF,Chelsea,39.508,12.792221699142031,13.92355660171594,65.09244339828406,0.637,3.209,797.8105
130,Marcos Alonso,DEF,Chelsea,149.3655,21.927697319828162,105.51010536034367,193.2208946396563,4.1645,11.418,2611.3955
131,David Luiz Moreira Marinho,DEF,Chelsea,113.7535,19.615854244717415,74.52179151056518,152.98520848943483,2.757,9.461,2185.1355
132,Victor Moses,DEF,Chelsea,47.445,15.811988331642535,15.82102333671493,79.06897666328507,1.2275,3.3615,805.325
133,Antonio Rüdiger,DEF,Chelsea,125.356,17.59364271548111,90.16871456903777,160.54328543096221,2.0675,11.24,2522.1715
134,Eden Hazard,MID,Chelsea,170.841,23.111787447101516,124.61742510579697,217.06457489420305,12.1225,12.2265,2606.328
135,Cesc Fàbregas,MID,Chelsea,37.388,10.277959719710912,16.832080560578174,57.94391943942182,1.189,2.894,962.705
136,Willian Borges Da Silva,MID,Chelsea,83.7315,13.825570792918452,56.08035841416309,111.3826415858369,3.2605,5.0055,1939.6405
137,Pedro Rodríguez Ledesma,MID,Chelsea,62.818,12.443185926441858,37.931628147116285,87.70437185288371,4.168,1.462,1623.2985
138,N'Golo Kanté,MID,Chelsea,111.7115,13.377565837999056,84.95636832400189,138.46663167599812,3.607,12.766,2871.848
139,Michy Batshuayi,FWD,Crystal Palace,25.2995,8.954094021731057,7.3913119565378835,43.20768804346211,2.215,0.3755,623.1595
141,Ross Barkley,MID,Chelsea,31.4635,9.268153416403944,12.927193167192112,49.99980683280789,1.401,0.096,816.143
143,Daniel Drinkwater,MID,Chelsea,9.823,6.131041591768891,0.0,22.085083183537783,0.597,0.027,233.7445
144,Tiemoué Bakayoko,MID,Chelsea,35.3755,11.300597318283678,12.774305363432646,57.97669463656736,1.2995,3.649,796.9245
145,Andreas Christensen,DEF,Chelsea,58.326,15.030426607385426,28.26514678522915,88.38685321477085,0.754,5.2975,1146.272
147,Álvaro Morata,FWD,Chelsea,60.174,13.941761868573133,32.29047626285373,88.05752373714627,5.272,4.0015,1321.6935
151,Davide Zappacosta,DEF,Chelsea,16.856,6.7081490740740515,3.4397018518518987,30.272298148148103,0.5595,0.0455,508.567
152,Ethan Ampadu,MID,Chelsea,3.815,4.575562806912387,0.0,12.966125613824774,0.283,0.0035,56.51
153,Callum Hudson-Odoi,MID,Chelsea,11.901,5.667733144741391,0.5655337105172187,23.23646628948278,0.4295,0.0015,290.323
155,Emerson Palmieri dos Santos,DEF,Chelsea,25.568,10.748505756615666,4.07098848676867,47.06501151323133,0.571,1.6495,539.4945
157,Ruben Loftus-Cheek,MID,Chelsea,55.1305,13.258976949599054,28.61254610080189,81.6484538991981,3.5315,1.5355,1277.497
158,Wayne Hennessey,GKP,Crystal Palace,67.0095,12.91299383373196,41.18351233253608,92.83548766746392,0.3365,5.1205,1797.7075
159,Julian Speroni,GKP,Crystal Palace,17.3995,8.129569468920236,1.1403610621595277,33.65863893784047,0.0985,1.3195,449.483
160,James Tomkins,DEF,Crystal Palace,101.488,16.259823369274333,68.96835326145134,134.00764673854866,2.244,6.7465,2358.487
161,Scott Dann,DEF,Crystal Palace,44.893,13.640034860659314,17.61293027868137,72.17306972131863,0.9135,2.7975,950.065
162,Joel Ward,DEF,Crystal Palace,43.5025,14.084849795081228,15.332800409837542,71.67219959016245,1.0765,2.726,924.537
163,Martin Kelly,DEF,Crystal Palace,48.017,13.177811312960896,21.66137737407821,74.37262262592179,0.7725,3.27,1116.507
165,Pape Souaré,DEF,Crystal Palace,3.028,2.8855183243223537,0.0,8.799036648644707,0.102,0.0,56.9325
166,Jeffrey Schlupp,DEF,Crystal Palace,68.6265,14.26811121872828,40.090277562543434,97.16272243745655,1.9975,2.7925,1640.261
167,Patrick van Aanholt,DEF,Crystal Palace,123.746,18.33909714244406,87.06780571511187,160.42419428488813,3.7745,7.557,2652.5265
168,Jason Puncheon,MID,Huddersfield,0.0,0.0,0.0,0.0,0.0,0.0,0.0
169,Wilfried Zaha,FWD,Crystal Palace,127.7115,18.540449502371853,90.63060099525629,164.79239900474371,9.16,7.5415,2672.478
170,James McArthur,MID,Crystal Palace,111.5735,13.20892114254604,85.15565771490792,137.9913422850921,3.9165,8.047,2692.914
173,Bakary Sako,MID,Crystal Palace,12.7955,5.4441417826871685,1.9072164346256635,23.683783565374338,0.5415,0.0,232.671
174,Andros Townsend,MID,Crystal Palace,123.063,14.918144355113345,93.2267112897733,152.8992887102267,4.725,8.404,2884.8495
175,Luka Milivojevic,MID,Crystal Palace,143.6585,19.41478502971381,104.82892994057238,182.48807005942763,10.9045,8.5165,3049.1315
176,Connor Wickham,FWD,Crystal Palace,6.163,3.4745404012617334,0.0,13.112080802523467,0.161,0.0,88.581
177,Christian Benteke,FWD,Crystal Palace,47.252,10.200710563485265,26.850578873029473,67.65342112697053,1.8145,2.478,1308.285
178,Mamadou Sakho,DEF,Crystal Palace,81.3685,15.174903879431985,51.01869224113602,111.71830775886397,1.189,5.649,1987.5875
179,Timothy Fosu-Mensah,DEF,Fulham,0.0,0.0,0.0,0.0,0.0,0.0,0.0
180,Jairo Riedewald,DEF,Crystal Palace,7.924,4.4973574463233605,0.0,16.918714892646722,0.2435,0.0005,204.4475
183,Sullay Kaikai,MID,Crystal Palace,3.4775,4.067983990873131,0.0,11.613467981746261,0.2445,0.002,57.5365
188,Aaron Wan-Bissaka,DEF,Crystal Palace,85.415,14.689682603786913,56.03563479242618,114.79436520757383,0.868,5.8805,2072.505
189,Jaroslaw Jach,DEF,Crystal Palace,2.4065,3.3368035228343764,0.0,9.080107045668752,0.1125,0.022,54.2025
191,Alexander Sørloth,FWD,Crystal Palace,11.7275,4.374956428354468,2.9775871432910623,20.477412856708938,0.317,0.0,278.6795
195,Theo Walcott,MID,Everton,64.0795,12.148916813856287,39.78166637228742,88.37733362771257,3.0765,2.4,1710.7495
196,Jordan Pickford,GKP,Everton,121.816,11.601169941001636,98.61366011799673,145.01833988200326,0.4945,10.4595,3177.2155
198,Maarten Stekelenburg,GKP,Everton,1.4385,1.7228516331942152,0.0,4.884203266388431,0.015,0.0165,53.1475
199,Leighton Baines,DEF,Everton,49.1075,15.174186757450949,18.759126485098104,79.4558735149019,1.1965,3.2945,937.216
200,Seamus Coleman,DEF,Everton,88.617,17.64387460281898,53.329250794362046,123.90474920563796,1.814,6.3715,1893.9465
201,Phil Jagielka,DEF,Everton,46.029,13.394183775056986,19.240632449886032,72.81736755011397,1.0135,3.0355,976.0425
204,Ashley Williams,DEF,Everton,35.338,13.046331131778027,9.245337736443947,61.43066226355606,0.8935,2.3525,694.8535
205,Mason Holgate,DEF,Everton,34.5665,12.816184211769125,8.934131576461748,60.198868423538244,0.7135,2.4585,711.138
206,Jonjoe Kenny,DEF,Everton,52.338,14.77886179649842,22.78027640700316,81.89572359299684,0.7605,3.7955,1070.234
207,Michael Keane,DEF,Everton,113.8345,15.286729857951949,83.26104028409611,144.4079597159039,1.4725,8.7915,2641.876
208,Yannick Bolasie,MID,Everton,14.7115,7.72950630700308,0.0,30.170512614006157,0.84,0.2485,354.508
209,Kevin Mirallas,MID,Everton,5.302,4.508303006675581,0.0,14.318606013351161,0.302,0.001,98.417
210,James McCarthy,MID,Everton,6.0155,5.106883565345877,0.0,16.229267130691753,0.3465,0.0105,131.9355
212,Morgan Schneiderlin,MID,Everton,44.3865,9.497637482553241,25.391225034893516,63.38177496510648,0.8215,3.498,1282.9705
213,Idrissa Gueye,MID,Everton,90.6315,10.4936984781344,69.6441030437312,111.6188969562688,1.6815,8.998,2648.199
214,Tom Davies,MID,Everton,40.998,9.178888603747177,22.640222792505643,59.355777207494356,1.2175,1.838,1284.862
215,Ademola Lookman,MID,Everton,21.407,5.59628010378323,10.21443979243354,32.59956020756646,0.3325,0.0,461.9515
216,Davy Klaassen,MID,Everton,6.757,5.168263828405043,0.0,17.093527656810085,0.3905,0.001,139.502
217,Dominic Calvert-Lewin,FWD,Everton,63.412,10.585898922623434,42.240202154753135,84.58379784524686,3.468,1.212,1745.294
218,Sandro Ramírez,FWD,Everton,6.8,4.680918713244225,0.0,16.16183742648845,0.404,0.0015,147.8565
220,Gylfi Sigurdsson,MID,Everton,135.889,20.008240277445687,95.87251944510864,175.90548055489137,8.9775,9.056,2649.588
221,Cuco Martina,DEF,Everton,34.401,13.242628100192185,7.915743799615633,60.88625620038437,0.71,2.3525,684.347
223,Nikola Vlasic,MID,Everton,9.846,5.950402003226348,0.0,21.746804006452695,0.503,0.064,255.797
224,Oumar Niasse,FWD,Cardiff,0.0,0.0,0.0,0.0,0.0,0.0,0.0
225,Beni Baningime,MID,Everton,6.42,4.797770315469474,0.0,16.01554063093895,0.339,0.0005,123.3375
226,Cenk Tosun,FWD,Everton,35.9805,8.887132256808162,18.206235486383676,53.75476451361632,2.3265,0.173,1010.8535
228,Joel Coleman,GKP,Huddersfield,0.0,0.0,0.0,0.0,0.0,0.0,0.0
229,Jonas Lössl,GKP,Huddersfield,0.0,0.0,0.0,0.0,0.0,0.0,0.0
230,Christopher Schindler,DEF,Huddersfield,0.0,0.0,0.0,0.0,0.0,0.0,0.0
231,Chris Löwe,DEF,Huddersfield,0.0,0.0,0.0,0.0,0.0,0.0,0.0
232,Tommy Smith,DEF,Huddersfield,0.0,0.0,0.0,0.0,0.0,0.0,0.0
235,Jon Gorenc Stankovic,DEF,Huddersfield,0.0,0.0,0.0,0.0,0.0,0.0,0.0
237,Mathias Jorgensen,DEF,Huddersfield,0.0,0.0,0.0,0.0,0.0,0.0,0.0
238,Aaron Mooy,MID,Huddersfield,0.0,0.0,0.0,0.0,0.0,0.0,0.0
239,Rajiv van La Parra,MID,Huddersfield,0.0,0.0,0.0,0.0,0.0,0.0,0.0
240,Jonathan Hogg,MID,Huddersfield,0.0,0.0,0.0,0.0,0.0,0.0,0.0
241,Philip Billing,MID,Huddersfield,0.0,0.0,0.0,0.0,0.0,0.0,0.0
247,Elias Kachunga,FWD,Huddersfield,0.0,0.0,0.0,0.0,0.0,0.0,0.0
248,Tom Ince,MID,Huddersfield,0.0,0.0,0.0,0.0,0.0,0.0,0.0
249,Danny Williams,MID,Huddersfield,0.0,0.0,0.0,0.0,0.0,0.0,0.0
250,Collin Quaner,FWD,Huddersfield,0.0,0.0,0.0,0.0,0.0,0.0,0.0
251,Laurent Depoitre,FWD,Huddersfield,0.0,0.0,0.0,0.0,0.0,0.0,0.0
252,Steve Mounie,FWD,Huddersfield,0.0,0.0,0.0,0.0,0.0,0.0,0.0
253,Scott Malone,DEF,Huddersfield,0.0,0.0,0.0,0.0,0.0,0.0,0.0
254,Florent Hadergjonaj,DEF,Huddersfield,0.0,0.0,0.0,0.0,0.0,0.0,0.0
255,Abdelhamid Sabiri,MID,Huddersfield,0.0,0.0,0.0,0.0,0.0,0.0,0.0
257,Terence Kongolo,DEF,Huddersfield,0.0,0.0,0.0,0.0,0.0,0.0,0.0
258,Alex Pritchard,MID,Huddersfield,0.0,0.0,0.0,0.0,0.0,0.0,0.0
259,Kasper Schmeichel,GKP,Leicester,109.493,11.94734075014186,85.59831849971627,133.38768150028372,0.479,8.577,3009.1015
260,Ben Hamer,GKP,Huddersfield,0.0,0.0,0.0,0.0,0.0,0.0,0.0
261,Wes Morgan,DEF,Leicester,91.872,16.536523697561115,58.79895260487777,124.94504739512223,2.23,6.187,2125.8895
262,Christian Fuchs,DEF,Leicester,39.3405,12.753178417555366,13.834143164889266,64.84685683511073,0.634,2.603,852.7675
263,Danny Simpson,DEF,Leicester,46.2425,12.827263689111561,20.587972621776878,71.89702737822313,0.7035,3.1405,1033.118
265,Yohan Benalouane,DEF,Leicester,3.8695,4.61762598637008,0.0,13.10475197274016,0.1625,0.1115,84.781
266,Benjamin Chilwell,DEF,Leicester,108.81,15.464795504629217,77.88040899074157,139.73959100925845,0.9075,7.5,2558.8135
267,Harry Maguire,DEF,Leicester,121.692,17.432817787150753,86.82636442569849,156.55763557430151,2.895,7.913,2723.1805
268,Riyad Mahrez,MID,Man City,115.129,20.344393797800908,74.44021240439818,155.81778759560183,7.9035,7.8415,1866.752
269,Marc Albrighton,MID,Leicester,73.6405,11.95664082215401,49.72721835569198,97.55378164430803,2.0095,4.578,1895.3105
270,Demarai Gray,MID,Leicester,59.6225,10.545093349515682,38.53231330096864,80.71268669903137,2.6665,1.545,1808.342
271,Daniel Amartey,MID,Leicester,21.838,8.169807586473507,5.498384827052988,38.177615172947014,0.6785,1.344,597.016
272,Nampalys Mendy,MID,Leicester,44.597,9.693533463087642,25.20993307382472,63.98406692617529,0.827,3.4255,1267.507
273,Wilfred Ndidi,MID,Leicester,96.626,10.01214882030825,76.60170235938351,116.6502976406165,2.0255,8.5875,2942.4205
275,Vicente Iborra,MID,Leicester,22.5735,8.15209161810636,6.26931676378728,38.87768323621272,1.1205,0.397,680.12
276,Jamie Vardy,FWD,Leicester,144.761,19.403914012384202,105.95317197523158,183.5688280247684,15.697,8.377,2774.119
277,Shinji Okazaki,FWD,Leicester,29.6,6.4350602172784885,16.729879565443024,42.470120434556975,0.9275,0.0,672.5805
278,Kelechi Iheanacho,FWD,Leicester,36.028,6.860992348049957,22.306015303900082,49.749984696099915,0.9605,0.0,881.981
279,Eldin Jakupovic,GKP,Leicester,4.148,3.7930325598391628,0.0,11.734065119678325,0.0275,0.2435,117.077
280,Matty James,MID,Leicester,17.3145,8.360418036796956,0.5936639264060872,34.03533607359391,0.6835,1.2105,401.113
282,Hamza Choudhury,MID,Leicester,16.971,6.622700280097219,3.7255994398055616,30.216400560194437,0.589,0.3425,529.1405
284,Adrien Sebastian Perruchet Silva,MID,Leicester,13.446,6.711861440762909,0.022277118474182345,26.869722881525817,0.5005,0.327,364.717
285,Fousseni Diabaté,MID,Leicester,10.553,5.369933984696598,0.0,21.292867969393196,0.4265,0.0205,287.702
286,Harvey Barnes,MID,Leicester,24.3235,9.047809002736516,6.2278819945269674,42.41911800547303,0.911,0.694,640.2005
289,Alex Oxlade-Chamberlain,MID,Liverpool,25.777,8.5985039977894,8.5799920044212,42.9740079955788,1.086,0.12,664.4075
290,Simon Mignolet,GKP,Liverpool,31.68,11.826986091139227,8.026027817721545,55.33397218227846,0.2365,3.2955,650.1915
291,Loris Karius,GKP,Liverpool,31.726,11.797962705484338,8.130074589031324,55.321925410968674,0.2455,3.2835,650.5235
292,Dejan Lovren,DEF,Liverpool,79.8235,18.32870283871721,43.16609432256558,116.48090567743441,1.7025,7.1275,1382.9835
293,Alberto Moreno,DEF,Liverpool,34.8835,14.055814730921862,6.771870538156275,62.99512946184372,0.744,3.037,591.781
294,Nathaniel Clyne,DEF,Bournemouth,33.8635,10.476586645945309,12.910326708109384,54.81667329189062,0.509,1.67,839.7425
295,Joseph Gomez,DEF,Liverpool,70.654,16.024396525298577,38.60520694940284,102.70279305059715,0.7905,6.6295,1337.345
296,Joel Matip,DEF,Liverpool,89.594,17.138907899863412,55.31618420027317,123.87181579972682,1.445,8.5635,1659.4335
297,Ragnar Klavan,DEF,Liverpool,32.7535,12.883816893684843,6.985866212630317,58.52113378736969,0.8655,2.709,556.7245
298,James Milner,MID,Liverpool,63.3195,11.55852152093858,40.20245695812284,86.43654304187716,2.456,3.095,1713.498
299,Trent Alexander-Arnold,DEF,Liverpool,122.618,21.358442733495334,79.90111453300932,165.33488546699067,1.6495,10.083,2021.1155
301,Jordan Henderson,MID,Liverpool,76.7245,11.370602435667172,53.98329512866566,99.46570487133435,1.5275,9.4505,1972.755
304,Adam Lallana,MID,Liverpool,16.709,5.509747634874032,5.689504730251935,27.728495269748066,0.382,0.0,406.5035
306,Sadio Mané,MID,Liverpool,168.1845,24.33697721061514,119.51054557876974,216.8584544212303,14.868,13.372,2610.9935
308,Georginio Wijnaldum,MID,Liverpool,96.6665,11.15299411593139,74.36051176813721,118.97248823186278,2.597,12.9345,2479.4235
310,Mohamed Salah,MID,Liverpool,229.689,28.36926645156692,172.95046709686616,286.42753290313385,21.74,15.0295,2957.7415
311,Roberto Firmino,FWD,Liverpool,130.67,17.184530834445265,96.30093833110945,165.03906166889053,10.6795,13.348,2551.001
312,Danny Ings,FWD,Southampton,45.449,11.611993756457165,22.225012487085667,68.67298751291433,3.0625,2.2025,1115.793
313,Divock Origi,FWD,Liverpool,13.6985,5.968131847571734,1.7622363048565308,25.63476369514347,0.869,0.0,270.407
314,Dominic Solanke,FWD,Bournemouth,17.869,4.910177084383022,8.048645831233955,27.689354168766044,0.35,0.0,457.168
315,Virgil van Dijk,DEF,Liverpool,145.0975,19.274386987658005,106.54872602468399,183.646273975316,2.969,13.3285,2745.9715
316,Andrew Robertson,DEF,Liverpool,144.3925,19.316895292722386,105.75870941455524,183.02629058544477,1.197,12.6525,2570.5545
318,Danny Ward,GKP,Leicester,10.2295,3.6938908687182463,2.841718262563507,17.617281737436493,0.109,0.0005,307.1265
320,Curtis Jones,MID,Liverpool,4.6565,6.023828330057205,0.0,16.70415666011441,0.428,0.025,51.6225
321,Rafael Camacho,MID,Liverpool,3.9445,4.317339429556142,0.0,12.579178859112284,0.2745,0.0,53.0485
322,Ederson Santana de Moraes,GKP,Man City,145.9075,13.9978549696016,117.9117900607968,173.9032099392032,0.676,16.415,3094.783
323,Claudio Bravo,GKP,Man City,4.3255,3.8966074667587454,0.0,12.118714933517492,0.0645,0.1815,136.478
324,John Stones,DEF,Man City,83.0615,16.28311142718121,50.49527714563757,115.62772285436242,0.811,8.692,1542.1985
326,Vincent Kompany,DEF,Man City,72.1325,16.843335291740768,38.44582941651846,105.81917058348154,1.327,6.9195,1258.893
327,Nicolás Otamendi,DEF,Man City,101.038,18.034288341933575,64.96942331613285,137.10657668386716,1.8415,10.206,1811.052
328,Fabian Delph,DEF,Man City,62.7545,16.247529958427528,30.259440083144945,95.24955991685505,0.9835,5.8245,1088.7505
329,Raheem Sterling,MID,Man City,189.307,26.389538665918383,136.52792266816323,242.08607733183675,14.1465,14.453,2569.0555
330,David Silva,MID,Man City,126.5385,17.861201464347243,90.8160970713055,162.2609029286945,5.9985,13.1375,2308.9235
332,Fernando Luiz Rosa,MID,Man City,100.0825,13.394912980307128,73.29267403938574,126.87232596061425,2.838,13.611,2437.8375
334,Kevin De Bruyne,MID,Man City,88.022,16.262365018655803,55.4972699626884,120.54673003731162,3.464,8.096,1705.3585
335,Ilkay Gündogan,MID,Man City,75.602,13.364041155279343,48.87391768944131,102.3300823105587,3.714,6.0175,1830.578
337,Leroy Sané,MID,Man City,122.3,19.402680227226316,83.49463954554736,161.10536045445264,6.982,9.171,1994.499
338,Bernardo Mota Veiga de Carvalho e Silva,MID,Man City,111.4145,15.4892443246919,80.43601135061621,142.3929886493838,5.0835,11.0765,2254.7045
339,Sergio Agüero,FWD,Man City,143.8095,23.283496510404113,97.24250697919179,190.37649302080825,16.0765,12.406,2170.546
340,Gabriel Fernando de Jesus,FWD,Man City,54.0295,11.2080609272969,31.613378145406198,76.4456218545938,4.356,0.044,1238.2945
341,Kyle Walker,DEF,Man City,140.766,17.637920625742684,105.49015874851463,176.04184125148535,1.421,14.491,2626.8675
342,Danilo Luiz da Silva,DEF,Man City,54.1145,15.396635663351898,23.321228673296204,84.9077713267038,1.5705,4.11,993.412
343,Benjamin Mendy,DEF,Man City,48.333,17.118764879511605,14.095470240976788,82.5705297590232,0.732,3.9655,705.274
344,Phil Foden,MID,Man City,14.3755,5.201970756357633,3.971558487284735,24.779441512715266,0.423,0.0,260.922
345,Brahim Diaz,MID,Man City,4.98,4.141449021779692,0.0,13.262898043559385,0.259,0.0,70.936
346,Oleksandr Zinchenko,MID,Man City,40.5025,11.860817583539509,16.78086483292098,64.22413516707901,0.8655,5.2165,918.2925
348,Aymeric Laporte,DEF,Man City,116.369,19.885417747686393,76.59816450462722,156.13983549537278,2.475,11.125,2078.093
350,Alexis Sánchez,MID,Man United,68.19,14.45018685000303,39.28962629999394,97.09037370000605,2.9265,4.037,1464.3255
351,Nemanja Matic,MID,Man United,85.445,10.164692567903858,65.11561486419228,105.7743851358077,1.719,10.6845,2550.694
353,Sergio Romero,GKP,Man United,2.789,3.0077365243651317,0.0,8.804473048730264,0.0245,0.1495,84.602
355,Chris Smalling,DEF,Man United,105.359,17.76415263951534,69.83069472096932,140.88730527903067,2.372,8.9915,2160.324
356,Phil Jones,DEF,Man United,72.0525,15.29561191159086,41.461276176818274,102.64372382318172,0.725,6.401,1473.393
357,Luke Shaw,DEF,Man United,92.8435,17.337531766373207,58.16843646725359,127.51856353274641,1.2825,7.718,1834.9395
358,Marcos Rojo,DEF,Man United,22.2165,11.10529728327883,0.005905433442340069,44.427094566557656,0.539,1.73,401.964
359,Antonio Valencia,DEF,Man United,66.006,16.885199554639563,32.235600890720875,99.77639910927913,1.404,5.54,1279.5425
360,Matteo Darmian,DEF,Man United,19.378,8.940644048389366,1.496711903221268,37.25928809677873,0.4845,0.9925,469.634
361,Daley Blind,DEF,Man United,7.0305,5.572931880976113,0.0,18.176363761952224,0.306,0.1005,178.0285
362,Eric Bailly,DEF,Man United,29.1985,10.051273439221518,9.095953121556963,49.30104687844303,0.681,1.4065,776.6895
364,Victor Lindelöf,DEF,Man United,96.582,16.377065549114715,63.827868901770564,129.33613109822943,1.3205,8.588,2018.533
365,Juan Mata,MID,Man United,63.4015,13.543164244370635,36.315171511258725,90.48782848874127,2.424,4.5505,1477.3985
366,Marouane Fellaini,MID,Man United,24.6035,8.347352140050155,7.90879571989969,41.29820428010031,1.126,0.12,706.521
368,Ashley Young,DEF,Man United,124.716,18.444466487269302,87.82706702546139,161.6049329745386,2.201,10.1895,2394.63
369,Ander Herrera,MID,Man United,43.967,9.656754682604298,24.653490634791403,63.280509365208594,1.3215,1.9605,1316.101
370,Jesse Lingard,MID,Man United,70.0675,13.556324861480714,42.95485027703857,97.18014972296143,3.7065,3.659,1667.0095
371,Anthony Martial,MID,Man United,74.023,15.721210863034708,42.580578273930584,105.46542172606941,5.576,2.261,1548.4445
372,Paul Pogba,MID,Man United,145.295,20.995522737002783,103.30395452599441,187.28604547400556,8.564,10.882,2551.774
373,Scott McTominay,MID,Man United,24.722,7.938747760194921,8.84450447961016,40.599495520389844,1.1435,0.4575,780.426
374,Marcus Rashford,FWD,Man United,88.4385,13.703730067029188,61.03103986594163,115.84596013405837,5.916,6.619,2047.9295
375,Romelu Lukaku,FWD,Man United,110.1185,16.241596527127488,77.63530694574501,142.60169305425498,9.944,9.98,2307.2475
376,Andreas Pereira,MID,Man United,15.651,6.608645776556636,2.433708446886728,28.868291553113274,0.681,0.008,403.9395
378,Robert Kenedy Nunes do Nascimento,MID,Newcastle,41.59,10.202837840522603,21.184324318954797,61.99567568104521,1.4315,2.02,1195.0435
380,Robert Elliot,GKP,Newcastle,22.2525,9.302727758566293,3.6470444828674147,40.85795551713259,0.11,1.888,557.6395
381,Karl Darlow,GKP,Newcastle,15.1505,7.828400203745345,0.0,30.80730040749069,0.093,1.2715,367.94
382,DeAndre Yedlin,DEF,Newcastle,108.6285,15.933251010073246,76.7619979798535,140.4950020201465,1.311,8.415,2466.7365
383,Ciaran Clark,DEF,Newcastle,62.3825,17.672979198482643,27.036541603034713,97.7284583969653,2.19,4.0995,1167.7375
384,Jamaal Lascelles,DEF,Newcastle,113.5375,15.85697303239173,81.82355393521654,145.25144606478347,1.7275,8.882,2636.494
385,Paul Dummett,DEF,Newcastle,78.3645,14.539382371682784,49.28573525663444,107.44326474336557,0.801,6.344,1770.0085
388,Florian Lejeune,DEF,Newcastle,62.6535,14.78006893590146,33.093362128197086,92.21363787180292,0.7855,4.888,1412.379
389,Matt Ritchie,MID,Newcastle,113.752,13.825610149284554,86.1007797014309,141.4032202985691,2.7915,9.6105,2734.9885
390,Jonjo Shelvey,MID,Newcastle,53.22,11.010885522972249,31.1982289540555,75.24177104594449,1.3705,3.956,1406.891
392,Mohamed Diamé,MID,Newcastle,70.9685,9.607939828600093,51.752620342799815,90.1843796572002,1.38,7.005,2041.478
394,Christian Atsu,MID,Newcastle,50.0395,9.492414853450107,31.054670293099782,69.0243297069002,1.389,2.2045,1545.0835
395,Dwight Gayle,FWD,Newcastle,27.0085,9.05938340893022,8.889733182139562,45.127266817860445,1.7275,0.831,736.037
396,Ayoze Pérez,FWD,Newcastle,114.6565,14.10303186375187,86.45043627249626,142.86256372750373,8.521,9.4165,2637.6865
397,Aleksandar Mitrovic,FWD,Fulham,0.0,0.0,0.0,0.0,0.0,0.0,0.0
402,Javier Manquillo,DEF,Newcastle,60.4715,13.722287992532452,33.02692401493509,87.91607598506491,0.644,4.1315,1315.261
403,Jacob Murphy,MID,Newcastle,21.732,6.433364283172517,8.865271433654966,34.59872856634503,0.6155,0.01,625.1105
404,Jose Luis Mato Sanmartín,FWD,Newcastle,31.4985,7.232634219286929,17.033231561426142,45.96376843857386,1.8,0.1425,1004.04
405,Chancel Mbemba,DEF,Newcastle,12.9385,7.744592807242997,0.0,28.427685614485995,0.335,0.6965,286.5955
406,Mikel Merino,MID,Newcastle,17.808,7.093386779247312,3.6212264415053763,31.99477355849462,0.749,0.406,526.56
407,Isaac Hayden,MID,Newcastle,61.7905,11.026359768754142,39.73778046249171,83.84321953750829,1.45,4.8965,1621.6295
410,Martin Dubravka,GKP,Newcastle,92.224,13.625337573799781,64.97332485240044,119.47467514759957,0.3575,7.9895,2379.677
411,Alex McCarthy,GKP,Southampton,68.501,12.886970124897452,42.7270597502051,94.27494024979491,0.33,5.019,1901.189
412,Fraser Forster,GKP,Southampton,27.8415,9.857250009510762,8.126999980978475,47.556000019021525,0.1605,2.0075,738.8375
413,Ryan Bertrand,DEF,Southampton,97.9095,15.369948267642265,67.16960346471546,128.64939653528452,1.413,6.3245,2377.6585
414,Maya Yoshida,DEF,Southampton,69.3695,15.638605108832431,38.09228978233514,100.64671021766486,1.393,4.3255,1623.578
415,Matt Targett,DEF,Southampton,40.1635,13.257404261392969,13.648691477214062,66.67830852278594,0.8885,2.278,802.7255
416,Cédric Soares,DEF,Southampton,81.79,16.26529741504901,49.25940516990199,114.32059483009803,1.294,5.0975,1887.441
418,Jack Stephens,DEF,Southampton,77.455,15.377905416538367,46.69918916692326,108.21081083307674,1.626,4.937,1741.028
419,Sam McQueen,DEF,Southampton,4.809,3.523140502449478,0.0,11.855281004898956,0.14,0.0,100.0615
420,Jan Bednarek,DEF,Southampton,60.8845,14.676892033056552,31.5307159338869,90.23828406611311,1.044,3.957,1445.7685
421,Steven Davis,MID,Southampton,27.5595,10.354634699012795,6.85023060197441,48.26876939802559,1.349,0.949,651.481
422,James Ward-Prowse,MID,Southampton,78.7765,14.204631207813797,50.367237584372404,107.1857624156276,4.3835,4.129,1794.901
425,Oriol Romeu Vidal,MID,Southampton,78.969,9.847945927958776,59.27310814408244,98.66489185591755,1.7225,6.5915,2318.9105
426,Pierre-Emile Højbjerg,MID,Southampton,84.235,13.002529561589151,58.2299408768217,110.2400591231783,2.937,6.1155,2239.4535
427,Sofiane Boufal,MID,Southampton,18.0895,7.255307695060241,3.5788846098795197,32.60011539012048,0.9085,0.035,474.7335
428,Joshua Sims,MID,Southampton,10.6385,4.86670501982605,0.905089960347901,20.3719100396521,0.306,0.0,230.4355
429,Nathan Redmond,MID,Southampton,108.8695,13.506460296835701,81.85657940632859,135.8824205936714,4.0285,7.449,2642.4385
430,Shane Long,FWD,Southampton,43.7045,8.978150129620253,25.748199740759496,61.66080025924051,2.493,0.3315,1343.5825
431,Charlie Austin,FWD,Southampton,36.36,8.020062343897337,20.319875312205326,52.40012468779467,2.0775,0.005,975.743
432,Manolo Gabbiadini,FWD,Southampton,25.6885,6.696302543195015,12.29589491360997,39.08110508639003,1.3975,0.002,703.0465
433,Mario Lemina,MID,Southampton,61.295,11.883516945753057,37.527966108493885,85.06203389150612,1.624,4.412,1606.3295
435,Wesley Hoedt,DEF,Southampton,64.7255,14.066845764065246,36.591808471869506,92.85919152813048,0.8325,4.249,1590.9715
436,Michael Obafemi,FWD,Southampton,7.8045,4.4577213629835555,0.0,16.719942725967112,0.3975,0.0,135.0195
437,Guido Carrillo,FWD,Southampton,8.2915,5.616095418527004,0.0,19.523690837054005,0.464,0.1485,207.203
438,Kurt Zouma,DEF,Everton,118.355,16.536111241764193,85.28277751647161,151.4272224835284,2.2895,8.766,2570.4285
440,Lee Grant,GKP,Man United,6.501,5.344623373073154,0.0,17.190246746146308,0.0545,0.539,150.026
451,Xherdan Shaqiri,MID,Liverpool,102.4235,19.341436031225832,63.74062793754834,141.10637206245167,6.6815,6.3135,1733.5935
454,Ramadan Sobhi,MID,Huddersfield,0.0,0.0,0.0,0.0,0.0,0.0,0.0
456,Peter Crouch,FWD,Burnley,24.2925,7.245822503346318,9.800854993307365,38.78414500669264,1.236,0.0075,646.8845
474,Lukasz Fabianski,GKP,West Ham,109.143,11.55034852288016,86.04230295423969,132.2436970457603,0.5235,7.5215,3159.994
478,Federico Fernández,DEF,Newcastle,84.696,16.626502458424618,51.44299508315076,117.94900491684923,1.155,6.3845,1847.1175
481,Alfie Mawson,DEF,Fulham,0.0,0.0,0.0,0.0,0.0,0.0,0.0
486,Sung-yueng Ki,MID,Newcastle,56.913,11.563149700665484,33.78670059866903,80.03929940133096,1.4525,4.9305,1468.636
495,Jordan Ayew,FWD,Crystal Palace,69.8185,12.220415612817773,45.37766877436445,94.25933122563555,3.5695,4.902,1745.316
496,Tammy Abraham,FWD,Chelsea,32.751,11.772382893874957,9.206234212250084,56.295765787749914,2.8645,0.9115,658.246
505,Fernando Llorente,FWD,Tottenham,24.826,5.957325238729227,12.911349522541547,36.74065047745845,0.6075,0.0,535.0455
506,Hugo Lloris,GKP,Tottenham,120.6175,13.782677307040162,93.05214538591969,148.18285461408033,0.567,12.291,2834.116
507,Michel Vorm,GKP,Tottenham,8.6905,6.447224965052779,0.0,21.58494993010556,0.082,0.793,184.2145
508,Toby Alderweireld,DEF,Tottenham,100.7255,16.235521234318306,68.25445753136339,133.1965424686366,0.941,9.8165,2150.367
509,Danny Rose,DEF,Tottenham,73.6335,15.761065247945654,42.111369504108694,105.1556304958913,0.7315,6.0535,1382.2745
510,Jan Vertonghen,DEF,Tottenham,107.9085,16.495215298685846,74.9180694026283,140.8989305973717,1.424,10.1775,2258.5305
511,Ben Davies,DEF,Tottenham,102.7385,16.926196198496587,68.88610760300682,136.59089239699318,1.292,8.8585,1943.398
512,Kieran Trippier,DEF,Tottenham,112.241,19.049407313614793,74.14218537277041,150.3398146272296,1.3715,9.428,2040.7785
513,Eric Dier,MID,Tottenham,75.166,12.846184024837868,49.47363195032426,100.85836804967573,2.49,8.9715,1918.9965
514,Mousa Dembélé,MID,Tottenham,33.649,8.7496742225068,16.149651554986402,51.148348445013596,0.762,2.9245,1010.449
515,Erik Lamela,MID,Tottenham,37.8415,10.036402629926714,17.768694740146575,57.914305259853435,1.863,0.0355,910.8865
516,Christian Eriksen,MID,Tottenham,155.06,20.477021267752804,114.1059574644944,196.0140425355056,8.539,12.704,2779.551
517,Bamidele Alli,MID,Tottenham,115.5215,18.797966319525074,77.92556736094986,153.11743263905015,5.9335,10.202,2152.228
518,Victor Wanyama,MID,Tottenham,21.871,6.6533720022256375,8.564255995548724,35.17774400445127,0.914,0.018,646.2055
519,Heung-Min Son,MID,Tottenham,118.3465,19.241892779817686,79.86271444036464,156.83028555963537,8.514,6.664,2049.3085
520,Harry Winks,MID,Tottenham,37.483,8.376139385182137,20.730721229635723,54.235278770364275,1.0565,1.7705,1250.1385
521,Moussa Sissoko,MID,Tottenham,67.001,9.959166581597078,47.08266683680585,86.91933316319415,1.023,6.7715,1900.533
522,Harry Kane,FWD,Tottenham,150.6305,23.377745181047736,103.87500963790454,197.38599036209547,18.596,11.4515,2525.7655
523,Vincent Janssen,FWD,Tottenham,4.8295,3.5461852390984903,0.0,11.92187047819698,0.221,0.0,74.2395
524,Kyle Walker-Peters,DEF,Tottenham,17.163,9.165938631695072,0.0,35.494877263390144,0.4575,0.6225,339.9875
526,Davinson Sánchez,DEF,Tottenham,102.8285,17.726338814036033,67.37582237192794,138.28117762807207,1.417,9.4255,2068.2295
528,Serge Aurier,DEF,Tottenham,52.743,16.325591903511487,20.091816192977028,85.39418380702298,1.1885,4.1425,882.482
529,Juan Foyth,DEF,Tottenham,32.0145,13.257876517376385,5.4987469652472285,58.53025303475277,0.966,2.2755,581.887
530,Paulo Gazzaniga,GKP,Tottenham,10.2695,6.433185039309846,0.0,23.135870078619693,0.096,0.8155,242.1375
531,Alfie Whiteman,GKP,Tottenham,1.4745,1.7841944260645979,0.0,5.042888852129195,0.0145,0.027,52.307
532,Lucas Rodrigues Moura da Silva,MID,Tottenham,67.7,15.944967858230426,35.81006428353915,99.58993571646086,4.783,4.2525,1366.9485
533,Kazaiah Sterling,FWD,Tottenham,3.8805,4.7862532057967835,0.0,13.453006411593567,0.3765,0.0245,53.6295
534,Andre Gray,FWD,Watford,48.8625,9.31088576613419,30.240728467731618,67.48427153226838,3.438,0.1585,1366.5685
535,Nathaniel Chalobah,MID,Watford,12.616,5.369035667603629,1.8779286647927425,23.35407133520726,0.4335,0.0025,364.862
538,Heurelho Gomes,GKP,Watford,28.193,9.902663833534897,8.387672332930208,47.998327667069795,0.164,1.9095,782.254
539,Younes Kaboul,DEF,Watford,4.6305,4.992491336997991,0.0,14.615482673995981,0.1855,0.126,104.638
540,Craig Cathcart,DEF,Watford,84.731,16.03716430669708,52.65667138660584,116.80532861339415,2.1075,4.987,2019.342
541,Sebastian Prödl,DEF,Watford,27.1605,10.462826565990671,6.234846868018657,48.08615313198134,0.5915,1.4335,614.767
542,José Holebas,DEF,Watford,107.201,17.99257066124791,71.21585867750417,143.1861413224958,2.2875,5.595,2265.851
543,Miguel Britos,DEF,Watford,17.5545,8.282573860220017,0.9893522795599665,34.119647720440035,0.5655,0.6,440.5665
544,Christian Kabasele,DEF,Watford,75.8005,14.662595259707597,46.475309480584805,105.1256905194152,1.294,4.6,1801.3905
545,Daryl Janmaat,DEF,Watford,69.621,16.085035250194508,37.45092949961098,101.79107050038901,1.5575,3.94,1556.041
546,Adrian Mariappa,DEF,Watford,78.753,13.591394005031274,51.57021198993745,105.93578801006255,0.802,5.028,1961.9515
548,Francisco Femenía Far,DEF,Watford,80.338,14.324655528144497,51.688688943711,108.98731105628899,1.378,4.606,1855.0495
549,Tom Cleverley,MID,Watford,32.9185,9.198742183037771,14.52101563392446,51.31598436607554,1.213,0.987,995.166
550,Etienne Capoue,MID,Watford,79.4295,11.18937128483991,57.05075743032019,101.80824256967982,1.7145,5.7355,2295.876
555,Abdoulaye Doucouré,MID,Watford,124.2525,15.756609525846612,92.73928094830677,155.76571905169322,5.778,7.123,2946.4315
556,Roberto Pereyra,MID,Watford,100.52,15.088492303739299,70.3430153925214,130.69698460747858,4.7545,5.746,2270.869
557,Will Hughes,MID,Watford,73.631,12.512906896480958,48.60518620703809,98.65681379296191,2.1555,4.526,1821.605
558,Troy Deeney,FWD,Watford,92.84,14.165818013796446,64.50836397240711,121.1716360275929,6.012,5.512,2186.7195
559,Stefano Okaka,FWD,Watford,10.1215,4.746128711908274,0.6292425761834508,19.613757423816548,0.403,0.0,223.9555
562,Jerome Sinclair,FWD,Watford,3.9335,3.216687387670745,0.0,10.36687477534149,0.1815,0.0,63.8265
563,Richarlison de Andrade,MID,Everton,136.0195,18.29325339435278,99.43299321129443,172.60600678870554,8.7545,9.195,2597.903
566,Marvin Zeegelaar,DEF,Watford,20.0165,9.995810509908614,0.024878980182773347,40.008121019817224,0.517,1.0045,403.0805
569,Gerard Deulofeu,MID,Watford,72.4235,16.61406475700632,39.19537048598736,105.65162951401265,4.748,3.0685,1415.202
576,Daniel Sturridge,FWD,Liverpool,24.369,6.742910276727707,10.883179446544586,37.85482055345541,1.1595,0.0,532.856
578,Ben Foster,GKP,Watford,107.7325,11.525881473883045,84.68073705223391,130.78426294776608,0.4935,7.425,3124.112
580,Jonny Evans,DEF,Leicester,91.743,16.52978980507616,58.683420389847676,124.80257961015232,2.0175,6.076,2006.057
592,Salomón Rondón,FWD,Newcastle,116.61,16.518077975357777,83.57384404928445,149.64615595071555,8.568,9.002,2531.3075
606,Marko Arnautovic,FWD,West Ham,100.703,16.4423474905501,67.81830501889979,133.5876949811002,8.0075,5.1905,2032.346
607,Adrián San Miguel del Castillo,GKP,West Ham,23.247,9.372619217700041,4.501761564599917,41.99223843540008,0.156,1.5695,637.6175
611,Winston Reid,DEF,West Ham,24.9645,10.821101595955943,3.3222968080881152,46.60670319191189,0.5635,1.4245,556.1665
612,Aaron Cresswell,DEF,West Ham,87.7,15.619923175227262,56.460153649545475,118.93984635045453,1.0885,5.1805,2046.8075
613,Angelo Ogbonna,DEF,West Ham,88.1405,15.428180701236279,57.284138597527445,118.99686140247256,1.537,5.406,2142.3745
614,Sam Byram,DEF,West Ham,5.4245,4.7051354656375235,0.0,14.834770931275047,0.248,0.043,140.506
615,Arthur Masuaku,MID,West Ham,62.5095,10.514271717527667,41.48095656494467,83.53804343505533,0.86,4.3605,1745.4675
616,Pablo Zabaleta,DEF,West Ham,93.565,13.810024438790848,65.9449511224183,121.18504887758169,0.8815,6.013,2406.8475
617,Robert Snodgrass,MID,West Ham,53.712,11.62742688646118,30.457146227077644,76.96685377292236,1.475,3.0455,1343.752
618,Mark Noble,MID,West Ham,94.9875,15.107029613726231,64.77344077254753,125.20155922745246,4.2705,5.7815,2238.372
619,Cheikhou Kouyaté,MID,Crystal Palace,78.728,10.37954796703594,57.968904065928115,99.48709593407187,1.3515,6.1315,2141.035
620,Pedro Obiang,MID,West Ham,38.846,8.763348903244692,21.319302193510612,56.372697806489384,1.0565,1.214,1255.3475
621,Manuel Lanzini,MID,West Ham,56.336,14.11871467237723,28.09857065524554,84.57342934475446,2.425,2.923,1170.685
622,Michail Antonio,MID,West Ham,79.3255,14.763453178372615,49.798593643254776,108.85240635674523,3.653,3.4585,1754.4345
624,Edimilson Fernandes,MID,West Ham,14.701,7.6807290669571255,0.0,30.06245813391425,0.622,0.4155,350.7145
625,Andy Carroll,FWD,West Ham,19.3485,6.164580095188969,7.019339809622064,31.67766019037794,0.901,0.0115,578.7585
629,Joe Hart,GKP,Burnley,61.564,12.816860145917182,35.930279708165635,87.19772029183437,0.2925,4.786,1624.487
630,Javier Hernández Balcázar,FWD,West Ham,53.834,11.442702652782692,30.948594694434618,76.71940530556539,4.3475,0.6055,1372.141
631,Declan Rice,DEF,West Ham,96.4635,14.914579033616736,66.63434193276652,126.29265806723348,1.6515,5.9795,2303.516
634,Domingos Quina,MID,Watford,10.4795,5.650626491814871,0.0,21.780752983629743,0.576,0.0025,250.8985
635,Ben Johnson,DEF,West Ham,3.626,4.0365980726349,0.0,11.699196145269799,0.152,0.0555,90.4665
641,Reece Oxford,DEF,West Ham,2.3965,2.903323569635321,0.0,8.203147139270643,0.0935,0.0005,54.465
642,Jordan Hugill,FWD,West Ham,3.6785,3.484844006551788,0.0,10.648188013103576,0.218,0.0,59.5335
646,Grady Diangana,MID,West Ham,14.6685,5.560989817469553,3.5465203650608945,25.790479634939103,0.3585,0.0005,403.8115
647,Bernd Leno,GKP,Arsenal,102.951,13.378549958795974,76.19390008240805,129.70809991759194,0.63,8.513,2600.1315
648,Stephan Lichtsteiner,DEF,Arsenal,42.6695,12.754931193463973,17.159637613072054,68.17936238692795,0.9325,2.5785,926.7725
649,Sokratis Papastathopoulos,DEF,Arsenal,95.546,17.88731069781036,59.77137860437929,131.32062139562072,2.097,6.5255,2021.4505
650,Lucas Torreira,MID,Arsenal,92.089,13.069012166189218,65.95097566762156,118.22702433237843,2.652,7.277,2231.3675
651,Matteo Guendouzi,MID,Arsenal,65.524,9.11512062454467,47.29375875091066,83.75424124908935,1.2115,4.927,2018.8125
652,Emiliano Martínez,GKP,Arsenal,2.3945,2.287983773980928,0.0,6.970467547961856,0.03,0.0325,84.6705
653,Emile Smith-Rowe,MID,Arsenal,6.21,6.568325509595307,0.0,19.346651019190613,0.526,0.029,79.8735
654,Zech Medley,DEF,Arsenal,4.2155,4.7464786684446585,0.0,13.708457336889317,0.2395,0.029,81.7165
655,Bukayo Saka,MID,Arsenal,6.2625,5.489953893249009,0.0,17.242407786498017,0.4415,0.0005,88.0225
656,Denis Suárez,MID,Arsenal,8.817,5.167737512683885,0.0,19.15247502536777,0.4135,0.0,141.7695
657,David Brooks,MID,Bournemouth,102.2375,16.858353826812404,68.52079234637519,135.9542076536248,5.3175,5.1605,2121.3005
658,Diego Rico,DEF,Bournemouth,28.1325,10.811935245366577,6.5086295092668465,49.756370490733154,0.66,1.412,624.208
659,Jefferson Lerma,MID,Bournemouth,84.5085,12.569881771520368,59.36873645695926,109.64826354304074,2.646,5.506,2331.727
660,Chris Mepham,DEF,Bournemouth,35.472,11.437010798281156,12.59797840343769,58.34602159656231,0.7365,1.5595,849.2185
661,Sam Surridge,FWD,Bournemouth,5.562,3.9068089280127545,0.0,13.37561785602551,0.2895,0.0,89.7805
662,Nnamdi Ofoborh,MID,Bournemouth,5.078,5.415987075316902,0.0,15.909974150633804,0.4055,0.022,80.544
663,Mark Travers,GKP,Bournemouth,8.961,5.666963825541863,0.0,20.294927651083725,0.071,0.509,243.339
664,Leon Balogun,DEF,Brighton,29.6095,12.212248349505499,5.185003300989003,54.033996699011,0.888,1.5675,616.4025
665,Florin Andone,FWD,Brighton,30.8205,7.177623544739592,16.465252910520817,45.17574708947918,1.603,0.0025,861.803
666,David Button,GKP,Brighton,15.559,7.473989496915274,0.6110210061694517,30.506978993830547,0.078,1.102,405.5395
667,Jason Steele,GKP,Brighton,2.2065,1.9796105046195542,0.0,6.165721009239109,0.017,0.0225,83.598
668,Bernardo Fernandes da Silva Junior,DEF,Brighton,71.209,14.582740448900541,42.04351910219892,100.37448089780108,0.9505,4.626,1659.677
669,Yves Bissouma,MID,Brighton,51.7375,8.618444972847467,34.500610054305064,68.97438994569492,1.0195,2.841,1674.2335
670,Alireza Jahanbakhsh,MID,Brighton,28.611,7.097864397126799,14.415271205746402,42.8067287942536,0.8125,0.3885,1001.0245
671,Martín Montoya,DEF,Brighton,80.9495,15.175373133798056,50.59875373240389,111.30024626759611,1.025,5.357,1992.9585
672,Viktor Gyokeres,FWD,Brighton,3.718,3.729406923359267,0.0,11.176813846718535,0.2715,0.0215,80.7385
673,Ben White,DEF,Brighton,3.032,3.2506885424475884,0.0,9.533377084895177,0.117,0.0225,83.5335
674,Max Sanders,MID,Brighton,4.2535,4.474733260206693,0.0,13.202966520413387,0.2825,0.0175,84.9445
675,Dan Burn,DEF,Brighton,3.0465,3.5023331866057505,0.0,10.051166373211501,0.127,0.0275,78.593
676,Ben Gibson,DEF,Burnley,5.992,5.448663689382932,0.0,16.889327378765863,0.324,0.094,137.072
677,Matej Vydra,FWD,Burnley,18.665,5.698752056371629,7.267495887256741,30.062504112743255,0.5925,0.0,361.7675
678,Abd-Al-Ali Morakinyo Olaposi Koiki,DEF,Burnley,3.2395,3.659937123776851,0.0,10.559374247553702,0.1465,0.021,80.407
679,Josh Benson,MID,Burnley,4.4925,4.848395997647077,0.0,14.189291995294154,0.328,0.017,82.224
680,Anthony Driscoll-Glennon,DEF,Burnley,3.281,3.7125515484636815,0.0,10.706103096927363,0.1445,0.0255,80.736
681,Neil Etheridge,GKP,Cardiff,0.0,0.0,0.0,0.0,0.0,0.0,0.0
682,Alex Smithies,GKP,Cardiff,0.0,0.0,0.0,0.0,0.0,0.0,0.0
683,Sean Morrison,DEF,Cardiff,0.0,0.0,0.0,0.0,0.0,0.0,0.0
684,Sol Bamba,DEF,Cardiff,0.0,0.0,0.0,0.0,0.0,0.0,0.0
685,Bruno Ecuele Manga,DEF,Cardiff,0.0,0.0,0.0,0.0,0.0,0.0,0.0
686,Matthew Connolly,DEF,Cardiff,0.0,0.0,0.0,0.0,0.0,0.0,0.0
687,Joe Bennett,DEF,Cardiff,0.0,0.0,0.0,0.0,0.0,0.0,0.0
688,Lee Peltier,DEF,Cardiff,0.0,0.0,0.0,0.0,0.0,0.0,0.0
689,Ashley Darel Jazz Richards,DEF,Cardiff,0.0,0.0,0.0,0.0,0.0,0.0,0.0
690,Greg Halford,DEF,Cardiff,0.0,0.0,0.0,0.0,0.0,0.0,0.0
691,Joe Ralls,MID,Cardiff,0.0,0.0,0.0,0.0,0.0,0.0,0.0
692,David Junior Hoilett,MID,Cardiff,0.0,0.0,0.0,0.0,0.0,0.0,0.0
693,Nathaniel Mendez-Laing,MID,Cardiff,0.0,0.0,0.0,0.0,0.0,0.0,0.0
694,Callum Paterson,MID,Cardiff,0.0,0.0,0.0,0.0,0.0,0.0,0.0
695,Aron Gunnarsson,MID,Cardiff,0.0,0.0,0.0,0.0,0.0,0.0,0.0
696,Anthony Pilkington,MID,Cardiff,0.0,0.0,0.0,0.0,0.0,0.0,0.0
697,Loïc Damour,MID,Cardiff,0.0,0.0,0.0,0.0,0.0,0.0,0.0
698,Josh Murphy,MID,Cardiff,0.0,0.0,0.0,0.0,0.0,0.0,0.0
699,Kenneth Zohore,FWD,Cardiff,0.0,0.0,0.0,0.0,0.0,0.0,0.0
700,Omar Bogle,FWD,Cardiff,0.0,0.0,0.0,0.0,0.0,0.0,0.0
701,Gary Madine,FWD,Cardiff,0.0,0.0,0.0,0.0,0.0,0.0,0.0
702,Bobby Reid,FWD,Cardiff,0.0,0.0,0.0,0.0,0.0,0.0,0.0
703,Greg Cunninghamm,DEF,Cardiff,0.0,0.0,0.0,0.0,0.0,0.0,0.0
704,Víctor Camarasa,MID,Cardiff,0.0,0.0,0.0,0.0,0.0,0.0,0.0
705,Kadeem Harris,MID,Cardiff,0.0,0.0,0.0,0.0,0.0,0.0,0.0
706,Brian Murphy,GKP,Cardiff,0.0,0.0,0.0,0.0,0.0,0.0,0.0
707,Rhys Healey,FWD,Cardiff,0.0,0.0,0.0,0.0,0.0,0.0,0.0
708,Leandro Bacuna,DEF,Cardiff,0.0,0.0,0.0,0.0,0.0,0.0,0.0
709,Jorge Luiz Frello Filho,MID,Chelsea,104.6015,11.614848158714773,81.37180368257046,127.83119631742954,3.253,12.933,2894.5455
710,Kepa Arrizabalaga,GKP,Chelsea,128.404,13.861269205956557,100.68146158808688,156.12653841191312,0.6825,12.9345,2946.1405
711,Mateo Kovacic,MID,Chelsea,49.746,8.670495026236978,32.40500994752605,67.08699005247396,1.0425,1.937,1642.526
712,Gonzalo Higuaín,FWD,Chelsea,50.9635,14.808820606314326,21.345858787371352,80.58114121262865,4.7685,4.953,1058.828
713,Addji Keaninkin Marc-Israel Guehi,DEF,Chelsea,3.9175,4.461691803565094,0.0,12.840883607130188,0.2115,0.0445,79.7185
714,Vicente Guaita,GKP,Crystal Palace,64.256,12.916015794353951,38.423968411292094,90.0880315887079,0.353,4.911,1657.1325
715,Max Meyer,MID,Crystal Palace,42.993,8.729831098022453,25.533337803955096,60.45266219604491,1.3315,0.2985,1355.6325
716,Joe Tupper,GKP,Crystal Palace,2.1705,2.021244604198119,0.0,6.2129892083962375,0.0185,0.0245,79.761
717,Lucas Perri,GKP,Crystal Palace,2.2085,2.1009587692289515,0.0,6.410417538457903,0.017,0.029,81.3575
718,Sam Woods,DEF,Crystal Palace,3.4035,3.895341801434103,0.0,11.194183602868206,0.1525,0.0225,81.0215
719,Luke Dreher,MID,Crystal Palace,5.236,4.610889718915421,0.0,14.45777943783084,0.3085,0.0,84.14
720,Nikola Tavares,DEF,Crystal Palace,3.6765,4.1990293818929105,0.0,12.07455876378582,0.1865,0.0245,82.2725
721,Lucas Digne,DEF,Everton,142.3345,19.266229775179173,103.80204044964165,180.86695955035833,3.8325,9.4255,2740.177
722,Yerry Mina,DEF,Everton,43.655,13.517691185997705,16.61961762800459,70.69038237199541,1.208,2.681,887.4355
723,Bernard Anício Caldeira Duarte,MID,Everton,72.3365,11.118510140751741,50.09947971849652,94.57352028150348,1.633,4.6415,1987.687
724,André Filipe Tavares Gomes,MID,Everton,73.7215,12.385432481346779,48.95063503730645,98.49236496269356,1.9545,6.5205,1870.3355
725,Kieran Dowell,MID,Everton,5.2625,5.5396384132901675,0.0,16.341776826580336,0.412,0.0215,82.9925
726,Tyias Browning,DEF,Everton,3.6185,4.120067687550775,0.0,11.85863537510155,0.1855,0.0345,79.542
727,Marcus Bettinelli,GKP,Fulham,0.0,0.0,0.0,0.0,0.0,0.0,0.0
728,Tim Ream,DEF,Fulham,0.0,0.0,0.0,0.0,0.0,0.0,0.0
729,Denis Odoi,DEF,Fulham,0.0,0.0,0.0,0.0,0.0,0.0,0.0
730,Tom Cairney,MID,Fulham,0.0,0.0,0.0,0.0,0.0,0.0,0.0
731,Kevin McDonald,MID,Fulham,0.0,0.0,0.0,0.0,0.0,0.0,0.0
732,Ryan Sessegnon,MID,Fulham,0.0,0.0,0.0,0.0,0.0,0.0,0.0
733,Stefan Johansen,MID,Fulham,0.0,0.0,0.0,0.0,0.0,0.0,0.0
734,Floyd Ayité,MID,Fulham,0.0,0.0,0.0,0.0,0.0,0.0,0.0
735,Neeskens Kebano,MID,Fulham,0.0,0.0,0.0,0.0,0.0,0.0,0.0
736,Rui Pedro da Rocha Fonte,MID,Fulham,0.0,0.0,0.0,0.0,0.0,0.0,0.0
737,Aboubakar Kamara,FWD,Fulham,0.0,0.0,0.0,0.0,0.0,0.0,0.0
738,Maxime Le Marchand,DEF,Fulham,0.0,0.0,0.0,0.0,0.0,0.0,0.0
739,Jean Michael Seri,MID,Fulham,0.0,0.0,0.0,0.0,0.0,0.0,0.0
740,Cyrus Christie,DEF,Fulham,0.0,0.0,0.0,0.0,0.0,0.0,0.0
741,Fabricio Agosto Ramírez,GKP,Fulham,0.0,0.0,0.0,0.0,0.0,0.0,0.0
742,André Schürrle,MID,Fulham,0.0,0.0,0.0,0.0,0.0,0.0,0.0
743,Sergio Rico,GKP,Fulham,0.0,0.0,0.0,0.0,0.0,0.0,0.0
744,Joe Bryan,DEF,Fulham,0.0,0.0,0.0,0.0,0.0,0.0,0.0
745,André-Frank Zambo Anguissa,MID,Fulham,0.0,0.0,0.0,0.0,0.0,0.0,0.0
746,Luciano Vietto,FWD,Fulham,0.0,0.0,0.0,0.0,0.0,0.0,0.0
747,Ibrahima Cissé,MID,Fulham,0.0,0.0,0.0,0.0,0.0,0.0,0.0
748,Zeze Steven Sessegnon,DEF,Fulham,0.0,0.0,0.0,0.0,0.0,0.0,0.0
749,Ryan Babel,MID,Fulham,0.0,0.0,0.0,0.0,0.0,0.0,0.0
750,Håvard Nordtveit,DEF,Fulham,0.0,0.0,0.0,0.0,0.0,0.0,0.0
751,Lazar Markovic,MID,Fulham,0.0,0.0,0.0,0.0,0.0,0.0,0.0
752,Harvey Elliott,MID,Fulham,0.0,0.0,0.0,0.0,0.0,0.0,0.0
753,Luca De La Torre,MID,Fulham,0.0,0.0,0.0,0.0,0.0,0.0,0.0
754,Juninho Bacuna,MID,Huddersfield,0.0,0.0,0.0,0.0,0.0,0.0,0.0
755,Erik Durm,DEF,Huddersfield,0.0,0.0,0.0,0.0,0.0,0.0,0.0
756,Adama Diakhaby,MID,Huddersfield,0.0,0.0,0.0,0.0,0.0,0.0,0.0
757,Isaac Mbenza,MID,Huddersfield,0.0,0.0,0.0,0.0,0.0,0.0,0.0
758,Ryan Schofield,GKP,Huddersfield,0.0,0.0,0.0,0.0,0.0,0.0,0.0
759,Karlan Grant,FWD,Huddersfield,0.0,0.0,0.0,0.0,0.0,0.0,0.0
760,Demeaco Duhaney,DEF,Huddersfield,0.0,0.0,0.0,0.0,0.0,0.0,0.0
761,Matthew Daly,MID,Huddersfield,0.0,0.0,0.0,0.0,0.0,0.0,0.0
762,Aaron Rowe,MID,Huddersfield,0.0,0.0,0.0,0.0,0.0,0.0,0.0
763,Ricardo Domingos Barbosa Pereira,DEF,Leicester,136.392,18.961680727192913,98.46863854561417,174.31536145438582,2.723,8.098,2822.39
764,James Maddison,MID,Leicester,129.0785,16.8886156256219,95.3012687487562,162.85573125124378,6.5155,8.1475,2641.2295
765,Rachid Ghezzal,MID,Leicester,26.6285,7.444292293428573,11.739915413142853,41.517084586857145,1.095,0.008,744.557
766,Filip Benkovic,DEF,Leicester,3.5115,3.8483590983690523,0.0,11.208218196738105,0.1595,0.0325,80.1205
767,Çaglar Söyüncü,DEF,Leicester,17.624,8.778873731863344,0.06625253627331062,35.18174746372669,0.5845,0.622,423.3
768,Josh Knight,DEF,Leicester,3.508,3.8780067044810753,0.0,11.26401340896215,0.1645,0.0245,81.6805
769,Youri Tielemans,MID,Leicester,59.7755,16.862713297390805,26.05007340521839,93.50092659478162,3.117,3.286,1056.467
770,Fabio Henrique Tavares,MID,Liverpool,76.5475,12.073596968178114,52.40030606364377,100.69469393635623,1.912,9.1945,1893.7205
771,Naby Keita,MID,Liverpool,46.7295,10.445301802724517,25.838896394550968,67.62010360544903,2.044,2.187,1333.606
772,Alisson Ramses Becker,GKP,Liverpool,141.951,14.10937982336572,113.73224035326855,170.16975964673142,0.8055,15.169,3102.569
773,Arijanet Muric,GKP,Man City,2.409,2.4545303013000312,0.0,7.318060602600062,0.0365,0.0465,80.6175
774,Philippe Sandler,DEF,Man City,5.0665,5.562740129648337,0.0,16.191980259296674,0.3175,0.0515,83.592
775,David de Gea,GKP,Man United,127.783,13.105186416072051,101.5726271678559,153.9933728321441,0.6525,12.4025,3075.5185
776,José Diogo Dalot Teixeira,DEF,Man United,46.5995,13.42866708761519,19.742165824769618,73.45683417523038,0.859,2.8835,996.553
777,Frederico Rodrigues de Paula Santos,MID,Man United,41.2025,11.719236056586617,17.764027886826767,64.64097211317323,1.5345,2.65,1019.0285
778,Angel Gomes,MID,Man United,6.5775,4.892851290403173,0.0,16.363202580806345,0.3775,0.0,103.0645
779,James Garner,MID,Man United,5.8605,5.2585206807618405,0.0,16.377541361523683,0.3775,0.0,83.585
780,Tahith Chong,MID,Man United,7.126,5.444090741345114,0.0,18.01418148269023,0.437,0.0,114.7035
781,Mason Greenwood,FWD,Man United,9.0075,5.288803621803326,0.0,19.58510724360665,0.5095,0.0005,184.428
782,Fabian Schär,DEF,Newcastle,97.85,19.865510313103027,58.11897937379394,137.58102062620605,3.304,6.5335,1876.3545
783,Yoshinori Muto,FWD,Newcastle,22.562,5.840304444119327,10.881391111761348,34.24260888823866,0.762,0.0,545.105
784,Jamie Sterry,DEF,Newcastle,3.1615,3.430366999316515,0.0,10.02223399863303,0.129,0.022,80.4325
785,Sean Longstaff,MID,Newcastle,33.539,12.46765731803694,8.603685363926122,58.474314636073885,1.55,2.4495,701.682
786,Frederick Woodman,GKP,Newcastle,2.2165,2.0597640034722406,0.0,6.336028006944481,0.018,0.0315,81.7875
787,Callum Roberts,MID,Newcastle,4.688,4.881562864493288,0.0,14.451125728986575,0.334,0.0315,82.7925
788,Miguel Almirón,MID,Newcastle,35.019,11.930575803371829,11.15784839325634,58.88015160674365,1.0875,2.681,766.422
789,Antonio Barreca,DEF,Newcastle,3.9235,3.3781130457697746,0.0,10.67972609153955,0.132,0.0,86.2045
790,Kelland Watts,MID,Newcastle,4.51,4.801343561962635,0.0,14.11268712392527,0.3335,0.033,79.8975
791,Lewis Cass,DEF,Newcastle,3.181,3.579698171634037,0.0,10.340396343268074,0.1245,0.0265,80.924
792,Stuart Armstrong,MID,Southampton,48.2935,10.271580099965107,27.75033980006979,68.83666019993021,2.1055,0.3465,1370.82
793,Mohamed Elyounoussi,MID,Southampton,23.674,7.04249416045194,9.589011679096119,37.75898832090388,0.776,0.198,792.287
794,Angus Gunn,GKP,Southampton,40.614,11.10022540311682,18.413549193766357,62.81445080623364,0.2365,2.928,1055.0705
795,Jannik Vestergaard,DEF,Southampton,75.231,14.567108120694412,46.09678375861117,104.36521624138882,1.154,4.9435,1873.3525
796,Yan Valery,DEF,Southampton,76.915,16.226637821803983,44.46172435639204,109.36827564360797,1.9395,4.376,1626.358
797,Tyreke Johnson,MID,Southampton,4.871,4.232181352446977,0.0,13.335362704893955,0.2615,0.0,82.8015
798,Kayne Ramsay,DEF,Southampton,7.4855,6.3344920672458045,0.0,20.15448413449161,0.252,0.2845,164.803
799,Callum Slattery,MID,Southampton,8.464,4.997269654521412,0.0,18.458539309042827,0.3695,0.0005,179.076
800,Sam Gallagher,FWD,Southampton,7.094,3.9016873272982786,0.0,14.897374654596558,0.2445,0.0,108.801
801,Alfie Jones,DEF,Southampton,3.383,3.800698751545586,0.0,10.984397503091172,0.151,0.03,81.5275
802,Luke Amos,MID,Tottenham,6.2205,5.467895367506562,0.0,17.156290735013123,0.438,0.0,84.2895
803,Oliver Skipp,MID,Tottenham,13.439,5.943675546326511,1.5516489073469781,25.32635109265302,0.5405,0.0,273.65
804,Timothy Eyoma,DEF,Tottenham,4.1055,4.816987621947964,0.0,13.739475243895928,0.235,0.0355,79.665
805,George Marsh,MID,Tottenham,6.1345,6.4082298452848825,0.0,18.950959690569764,0.5015,0.0335,80.077
806,Pontus Dahlberg,GKP,Watford,2.199,1.9960959395780569,0.0,6.191191879156113,0.0175,0.026,81.5685
807,Marc Navarro,DEF,Watford,6.1795,4.749871550894833,0.0,15.679243101789666,0.2715,0.0185,158.0915
808,Adam Masina,DEF,Watford,44.765,13.049972222192656,18.66505555561469,70.86494444438532,0.8065,2.4015,994.753
809,Ken Sema,MID,Watford,27.7315,8.333691123985817,11.064117752028366,44.398882247971635,1.142,0.049,755.605
810,Isaac Success Ajayi,FWD,Watford,36.107,5.596029932014224,24.914940135971552,47.29905986402845,0.886,0.0,1015.8735
811,Ben Wilmot,DEF,Watford,4.26,3.747052174710127,0.0,11.754104349420253,0.166,0.005,103.3225
812,Adalberto Peñaranda,FWD,Watford,4.5825,4.664353518977726,0.0,13.911207037955451,0.389,0.018,81.9125
813,Ryan Fredericks,DEF,West Ham,47.536,13.365878347493688,20.804243305012626,74.26775669498738,1.2995,2.324,1068.2035
814,Issa Diop,DEF,West Ham,106.4635,14.466639822363735,77.53022035527252,135.39677964472747,1.901,6.5815,2706.314
815,Andriy Yarmolenko,MID,West Ham,21.9485,9.518867986793387,2.9107640264132257,40.98623597358677,1.514,0.1375,497.479
816,Fabián Balbuena,DEF,West Ham,77.647,15.210239675955135,47.22652064808973,108.06747935191028,1.7525,4.571,1874.3975
817,Felipe Anderson Pereira Gomes,MID,West Ham,133.831,17.65263263652194,98.5257347269561,169.13626527304388,7.88,7.1235,2814.606
818,Carlos Sánchez,MID,West Ham,12.316,5.920907362896334,0.4741852742073327,24.15781472579267,0.5415,0.001,295.835
819,Joe Powell,MID,West Ham,5.1175,5.360568416688653,0.0,15.838636833377306,0.377,0.0205,83.01
820,Conor Coventry,MID,West Ham,4.9495,5.226083595772239,0.0,15.401667191544476,0.3605,0.0235,81.9375
821,Alexandre Nascimento Costa Silva,FWD,West Ham,5.18,4.257417057324778,0.0,13.694834114649556,0.3455,0.0,97.3525
822,Samir Nasri,MID,West Ham,13.823,7.566086901430614,0.0,28.95517380286123,0.649,0.061,300.1465
823,Nathan Holland,MID,West Ham,4.9365,5.196197431776382,0.0,15.328894863552765,0.373,0.023,80.7775
824,John Ruddy,GKP,Wolves,5.8185,4.513043069814419,0.0,14.844586139628838,0.0365,0.386,160.7315
825,Will Norris,GKP,Wolves,2.9145,1.980199421775504,0.0,6.874898843551008,0.024,0.0,82.234
826,Willy Boly,DEF,Wolves,141.6515,18.309916650547624,105.03166669890476,178.27133330109524,4.075,10.6605,2901.356
827,Barry Douglas,DEF,Wolves,3.4765,3.9769897850007263,0.0,11.430479570001452,0.165,0.0335,79.8995
828,Matt Doherty,DEF,Wolves,157.242,19.578826216093777,118.08434756781244,196.39965243218754,3.9535,10.8695,2891.825
829,Romain Saïss,DEF,Wolves,48.4935,13.409547261186699,21.6744054776266,75.31259452237339,1.6475,2.3485,1117.7015
830,Ryan Bennett,DEF,Wolves,123.197,16.374284442381043,90.44843111523792,155.94556888476208,2.0,10.1015,2778.545
831,Danny Batth,DEF,Wolves,3.462,3.8643959424468957,0.0,11.190791884893791,0.1545,0.0275,82.19
832,Roderick Jefferson Gonçalves Miranda,DEF,Wolves,3.5795,4.069972942170535,0.0,11.71944588434107,0.161,0.0345,82.718
833,Conor Coady,DEF,Wolves,128.736,14.321148836598256,100.09370232680348,157.3782976731965,1.382,10.9835,3072.5885
834,Rúben Gonçalo Silva Nascimento Vinagre,DEF,Wolves,23.382,6.663563311022108,10.054873377955785,36.70912662204422,0.578,0.0075,717.7695
835,Diogo Jota,MID,Wolves,121.377,18.831247197145487,83.71450560570902,159.03949439429095,7.081,8.0225,2210.7075
836,Rúben Diogo da Silva Neves,MID,Wolves,112.6135,14.45355035103833,83.70639929792334,141.52060070207665,4.7915,10.1025,2753.1685
837,Ivan Cavaleiro,MID,Wolves,32.15,8.122468836505346,15.905062326989306,48.39493767301069,1.4225,0.0,690.3545
838,Hélder Costa,MID,Wolves,42.4615,9.494078035807348,23.473343928385304,61.4496560716147,1.466,1.0825,1291.477
839,Bright Enobakhare,MID,Wolves,4.9515,5.2752391178030775,0.0,15.501978235606156,0.3835,0.0385,81.6695
840,Raúl Jiménez,FWD,Wolves,145.383,18.480105816796627,108.42278836640676,182.34321163359326,11.544,10.823,2869.644
841,Bonatini Lohner Maia Bonatini,FWD,Wolves,12.0155,4.757968027425145,2.49956394514971,21.53143605485029,0.348,0.0,199.9565
842,Morgan Gibbs-White,MID,Wolves,30.8615,5.365008643981846,20.13148271203631,41.59151728796369,0.46,0.0,668.6055
843,Rafa Mir,FWD,Wolves,4.584,4.644668341227395,0.0,13.87333668245479,0.3805,0.0275,81.2565
844,Rui Pedro dos Santos Patrício,GKP,Wolves,117.9255,12.975590535694336,91.97431892861132,143.87668107138867,0.5175,10.6615,2992.203
845,João Filipe Iria Santos Moutinho,MID,Wolves,116.1905,12.052560298542382,92.08537940291524,140.29562059708476,2.185,10.872,2810.6085
846,Jonathan Castro Otto,DEF,Wolves,124.286,17.304282822469162,89.67743435506168,158.89456564493833,1.8595,9.7735,2570.0595
847,Adama Traoré,MID,Wolves,35.833,6.35217372243549,23.12865255512902,48.537347444870974,0.881,0.0,880.2095
848,Leander Dendoncker,MID,Wolves,59.288,13.577409767698736,32.133180464602525,86.44281953539746,2.5315,5.36,1404.0065
849,Kortney Hause,DEF,Wolves,3.5805,3.9669282511786883,0.0,11.514356502357376,0.158,0.0375,82.9985
850,Ryan John Giles,MID,Wolves,4.867,5.0313329247824665,0.0,14.929665849564934,0.3675,0.0305,81.4675
851,Max Kilman,DEF,Wolves,3.9585,3.451054585195673,0.0,10.860609170391346,0.14,0.0,80.984
852,Cameron John,DEF,Wolves,3.5845,3.9848286976983,0.0,11.554157395396599,0.181,0.032,82.307
